temperature,dissolved_oxygen,pH,conductivity,label,timestamp
30.6,6.7,7.5,203.0,good,2024-01-01 00:00:00
29.8,5.7,7.2,189.0,moderate,2024-01-01 01:00:00
29.5,6.3,6.9,179.0,good,2024-01-01 02:00:00
29.7,5.8,6.9,64.0,moderate,2024-01-01 03:00:00
29.5,5.8,7.3,83.0,moderate,2024-01-01 04:00:00
30.0,5.5,7.4,81.0,moderate,2024-01-01 05:00:00
29.2,6.1,6.7,308.0,moderate,2024-01-01 06:00:00
29.6,6.4,6.7,414.0,moderate,2024-01-01 07:00:00
30.0,6.4,7.6,305.0,moderate,2024-01-01 08:00:00
30.1,6.3,7.6,77.0,good,2024-01-01 09:00:00
27.8,7.1,7.1,176.0,good,2024-01-01 10:00:00
27.9,6.7,6.4,93.0,moderate,2024-01-01 11:00:00
29.3,7.4,6.8,121.0,good,2024-01-01 12:00:00
29.2,6.9,7.0,620.0,poor,2024-01-01 13:00:00
30.0,6.0,7.5,72.0,good,2024-01-01 14:00:00
29.0,7.3,7.0,247.0,good,2024-01-01 15:00:00
29.1,7.3,7.0,188.0,good,2024-01-01 16:00:00
28.7,7.0,6.9,224.0,good,2024-01-01 17:00:00
28.7,7.3,6.7,144.0,good,2024-01-01 18:00:00
29.5,5.3,6.8,319.0,moderate,2024-01-01 19:00:00
29.0,6.3,6.4,79.0,moderate,2024-01-01 20:00:00
29.4,5.4,7.6,39.0,moderate,2024-01-01 21:00:00
30.1,5.2,7.1,192.0,moderate,2024-01-01 22:00:00
30.3,5.6,7.5,282.0,moderate,2024-01-01 23:00:00
30.5,5.5,7.4,275.0,moderate,2024-01-02 00:00:00
29.1,7.3,6.7,55.0,good,2024-01-02 01:00:00
30.1,6.5,7.5,415.0,moderate,2024-01-02 02:00:00
29.2,7.2,6.3,100.0,moderate,2024-01-02 03:00:00
25.1,6.6,7.8,95.0,good,2024-01-02 04:00:00
29.6,6.9,7.9,99.0,good,2024-01-02 05:00:00
27.4,6.8,7.7,85.0,good,2024-01-02 06:00:00
27.8,6.7,7.8,80.0,good,2024-01-02 07:00:00
25.0,5.6,7.9,468.0,moderate,2024-01-02 08:00:00
25.0,6.4,7.6,541.0,moderate,2024-01-02 09:00:00
25.1,6.7,7.6,83.0,good,2024-01-02 10:00:00
21.4,7.2,7.7,226.0,good,2024-01-02 11:00:00
27.4,5.9,7.4,268.0,moderate,2024-01-02 12:00:00
27.2,5.8,7.3,384.0,moderate,2024-01-02 13:00:00
27.3,5.9,7.4,269.0,moderate,2024-01-02 14:00:00
27.0,6.0,7.3,269.0,good,2024-01-02 15:00:00
27.2,6.1,7.3,196.0,good,2024-01-02 16:00:00
27.0,5.9,7.4,269.0,moderate,2024-01-02 17:00:00
22.6,6.3,7.8,223.0,good,2024-01-02 18:00:00
28.0,6.8,7.2,170.0,good,2024-01-02 19:00:00
27.6,6.6,8.1,161.0,good,2024-01-02 20:00:00
27.3,6.7,8.0,138.0,good,2024-01-02 21:00:00
27.8,6.7,7.8,81.0,good,2024-01-02 22:00:00
28.0,5.9,7.7,194.0,moderate,2024-01-02 23:00:00
28.1,6.3,7.6,186.0,good,2024-01-03 00:00:00
28.6,6.6,7.6,207.0,good,2024-01-03 01:00:00
26.9,6.8,7.7,85.0,good,2024-01-03 02:00:00
23.0,7.1,7.4,176.0,good,2024-01-03 03:00:00
23.0,7.0,7.4,178.0,good,2024-01-03 04:00:00
23.0,7.2,7.2,180.0,good,2024-01-03 05:00:00
25.1,6.7,7.5,85.0,good,2024-01-03 06:00:00
24.6,5.8,7.4,77.0,moderate,2024-01-03 07:00:00
25.7,6.6,7.5,75.0,good,2024-01-03 08:00:00
24.8,6.7,7.5,82.0,good,2024-01-03 09:00:00
27.3,6.7,6.9,56.0,good,2024-01-03 10:00:00
25.2,6.3,6.9,73.0,good,2024-01-03 11:00:00
29.9,7.0,7.4,130.0,good,2024-01-03 12:00:00
29.8,6.6,7.7,191.0,good,2024-01-03 13:00:00
27.8,6.9,6.9,134.0,good,2024-01-03 14:00:00
26.7,7.0,7.5,80.0,good,2024-01-03 15:00:00
26.4,7.2,7.4,82.0,good,2024-01-03 16:00:00
29.8,7.5,7.2,67.0,good,2024-01-03 17:00:00
26.0,6.7,7.5,90.0,good,2024-01-03 18:00:00
30.3,6.7,6.9,87.0,good,2024-01-03 19:00:00
30.7,6.9,6.8,85.0,good,2024-01-03 20:00:00
24.8,7.2,7.6,75.0,good,2024-01-03 21:00:00
29.2,6.1,7.6,281.0,good,2024-01-03 22:00:00
26.6,6.7,7.6,106.0,good,2024-01-03 23:00:00
30.4,7.6,7.1,58.0,good,2024-01-04 00:00:00
25.1,7.4,7.0,35.0,good,2024-01-04 01:00:00
28.9,6.4,7.2,63.0,good,2024-01-04 02:00:00
28.8,5.4,6.7,65.0,moderate,2024-01-04 03:00:00
29.3,5.6,7.3,90.0,moderate,2024-01-04 04:00:00
29.5,7.1,8.0,728.0,poor,2024-01-04 05:00:00
26.9,7.4,6.9,57.0,good,2024-01-04 06:00:00
25.8,7.2,7.2,41.0,good,2024-01-04 07:00:00
26.6,6.5,7.4,71.0,good,2024-01-04 08:00:00
25.3,6.8,7.1,81.0,good,2024-01-04 09:00:00
28.2,6.8,6.9,68.0,good,2024-01-04 10:00:00
28.5,6.6,7.0,70.0,good,2024-01-04 11:00:00
27.6,6.4,7.7,100.0,good,2024-01-04 12:00:00
29.0,7.3,6.9,96.0,good,2024-01-04 13:00:00
27.5,6.8,6.6,49.0,good,2024-01-04 14:00:00
27.8,6.9,6.8,59.0,good,2024-01-04 15:00:00
25.3,6.7,7.1,66.0,good,2024-01-04 16:00:00
25.3,7.2,7.0,59.0,good,2024-01-04 17:00:00
25.8,6.0,7.6,120.0,good,2024-01-04 18:00:00
27.2,5.2,6.8,55.0,moderate,2024-01-04 19:00:00
28.1,4.8,6.8,86.0,moderate,2024-01-04 20:00:00
27.7,7.0,7.0,36.0,good,2024-01-04 21:00:00
28.0,6.3,6.9,64.0,good,2024-01-04 22:00:00
28.2,6.2,6.9,86.0,good,2024-01-04 23:00:00
28.1,5.7,6.9,53.0,moderate,2024-01-05 00:00:00
28.1,6.6,7.0,46.0,good,2024-01-05 01:00:00
27.3,6.5,6.5,43.0,good,2024-01-05 02:00:00
28.3,6.7,6.3,54.0,moderate,2024-01-05 03:00:00
29.1,4.3,7.2,113.0,moderate,2024-01-05 04:00:00
28.5,7.7,6.9,61.0,good,2024-01-05 05:00:00
26.6,5.8,6.5,61.0,moderate,2024-01-05 06:00:00
25.3,6.9,7.5,54.0,good,2024-01-05 07:00:00
25.9,5.5,7.6,569.0,moderate,2024-01-05 08:00:00
26.5,5.4,7.8,310.0,moderate,2024-01-05 09:00:00
20.5,6.9,8.0,505.0,moderate,2024-01-05 10:00:00
27.1,7.3,7.3,109.0,good,2024-01-05 11:00:00
26.3,7.5,7.5,83.0,good,2024-01-05 12:00:00
29.1,6.4,7.2,102.0,good,2024-01-05 13:00:00
28.4,6.5,7.1,92.0,good,2024-01-05 14:00:00
24.7,7.7,7.9,232.0,good,2024-01-05 15:00:00
24.4,7.5,7.8,519.0,moderate,2024-01-05 16:00:00
22.7,7.3,7.2,103.0,good,2024-01-05 17:00:00
24.8,7.4,7.9,196.0,good,2024-01-05 18:00:00
24.0,7.4,7.8,244.0,good,2024-01-05 19:00:00
22.8,7.5,8.0,243.0,good,2024-01-05 20:00:00
26.8,7.2,8.0,296.0,good,2024-01-05 21:00:00
25.3,7.5,7.9,194.0,good,2024-01-05 22:00:00
27.1,7.4,7.9,170.0,good,2024-01-05 23:00:00
29.0,6.7,7.3,386.0,moderate,2024-01-06 00:00:00
29.3,6.5,7.4,1063.0,poor,2024-01-06 01:00:00
22.8,6.8,6.6,63.0,good,2024-01-06 02:00:00
24.5,6.6,6.4,101.0,moderate,2024-01-06 03:00:00
25.5,6.6,6.5,136.0,good,2024-01-06 04:00:00
29.0,6.7,6.9,226.0,good,2024-01-06 05:00:00
23.8,6.7,6.3,72.0,moderate,2024-01-06 06:00:00
22.8,6.7,6.4,61.0,moderate,2024-01-06 07:00:00
29.0,6.6,7.2,1300.0,poor,2024-01-06 08:00:00
29.0,6.7,7.0,461.0,moderate,2024-01-06 09:00:00
23.0,6.6,6.2,69.0,moderate,2024-01-06 10:00:00
29.0,6.8,6.9,241.0,good,2024-01-06 11:00:00
25.7,6.5,6.6,159.0,good,2024-01-06 12:00:00
25.7,6.6,6.7,170.0,good,2024-01-06 13:00:00
27.0,6.7,7.3,183.0,good,2024-01-06 14:00:00
22.7,5.8,7.2,640.0,poor,2024-01-06 15:00:00
23.0,5.5,7.3,705.0,poor,2024-01-06 16:00:00
24.0,5.1,7.4,1375.0,poor,2024-01-06 17:00:00
24.7,5.5,7.4,745.0,poor,2024-01-06 18:00:00
25.0,5.0,7.6,975.0,poor,2024-01-06 19:00:00
22.0,4.9,7.7,1385.0,poor,2024-01-06 20:00:00
24.3,5.0,7.3,1067.0,poor,2024-01-06 21:00:00
23.3,5.3,7.2,970.0,poor,2024-01-06 22:00:00
27.0,6.7,8.2,183.0,good,2024-01-06 23:00:00
27.0,6.7,7.9,183.0,good,2024-01-07 00:00:00
23.6,7.8,7.8,376.0,moderate,2024-01-07 01:00:00
23.9,7.7,7.7,354.0,moderate,2024-01-07 02:00:00
24.5,7.6,7.9,344.0,moderate,2024-01-07 03:00:00
27.0,6.7,7.2,183.0,good,2024-01-07 04:00:00
25.1,5.9,8.0,401.0,moderate,2024-01-07 05:00:00
22.3,6.0,7.2,106.0,good,2024-01-07 06:00:00
23.7,5.6,7.9,326.0,moderate,2024-01-07 07:00:00
23.9,6.2,8.1,592.0,moderate,2024-01-07 08:00:00
25.5,7.2,7.5,119.0,good,2024-01-07 09:00:00
25.1,7.2,7.5,120.0,good,2024-01-07 10:00:00
25.2,7.5,7.3,82.0,good,2024-01-07 11:00:00
23.2,7.5,7.5,111.0,good,2024-01-07 12:00:00
24.0,7.8,7.0,74.0,good,2024-01-07 13:00:00
21.2,7.3,6.6,274.0,good,2024-01-07 14:00:00
26.3,7.4,7.3,67.0,good,2024-01-07 15:00:00
25.5,7.2,7.4,82.0,good,2024-01-07 16:00:00
20.3,7.3,7.1,57.0,good,2024-01-07 17:00:00
23.7,7.6,7.3,115.0,good,2024-01-07 18:00:00
25.1,7.5,7.4,144.0,good,2024-01-07 19:00:00
20.2,7.3,7.2,65.0,good,2024-01-07 20:00:00
22.1,7.7,7.2,62.0,good,2024-01-07 21:00:00
23.1,7.2,7.2,124.0,good,2024-01-07 22:00:00
22.6,7.2,7.1,65.0,good,2024-01-07 23:00:00
24.5,7.1,7.3,269.0,good,2024-01-08 00:00:00
24.4,7.2,7.3,275.0,good,2024-01-08 01:00:00
23.6,6.9,7.1,186.0,good,2024-01-08 02:00:00
23.5,6.8,7.1,201.0,good,2024-01-08 03:00:00
27.3,6.2,7.8,165.0,good,2024-01-08 04:00:00
29.1,6.4,7.8,158.0,good,2024-01-08 05:00:00
26.6,6.6,7.9,210.0,good,2024-01-08 06:00:00
27.1,7.3,7.9,693.0,poor,2024-01-08 07:00:00
27.5,5.3,7.8,817.0,poor,2024-01-08 08:00:00
28.4,4.5,8.3,1287.0,poor,2024-01-08 09:00:00
27.0,5.0,8.0,183.0,moderate,2024-01-08 10:00:00
29.0,8.2,8.4,606.0,poor,2024-01-08 11:00:00
30.0,5.6,7.5,41.0,moderate,2024-01-08 12:00:00
30.4,5.5,6.7,209.0,moderate,2024-01-08 13:00:00
30.8,5.5,7.1,123.0,moderate,2024-01-08 14:00:00
30.3,5.3,7.3,182.0,moderate,2024-01-08 15:00:00
30.1,6.0,7.6,100.0,good,2024-01-08 16:00:00
29.9,5.7,6.9,111.0,moderate,2024-01-08 17:00:00
29.1,6.4,7.1,140.0,good,2024-01-08 18:00:00
29.9,6.2,7.8,44.0,good,2024-01-08 19:00:00
29.8,6.1,7.6,43.0,good,2024-01-08 20:00:00
27.9,7.0,6.9,64.0,good,2024-01-08 21:00:00
28.2,6.6,6.5,62.0,good,2024-01-08 22:00:00
29.6,7.0,6.8,304.0,moderate,2024-01-08 23:00:00
28.8,7.0,7.0,55.0,good,2024-01-09 00:00:00
29.5,6.3,7.6,213.0,good,2024-01-09 01:00:00
29.8,6.7,6.8,83.0,good,2024-01-09 02:00:00
29.7,7.1,6.6,76.0,good,2024-01-09 03:00:00
28.7,6.7,6.6,107.0,good,2024-01-09 04:00:00
27.9,7.2,6.7,89.0,good,2024-01-09 05:00:00
29.3,4.2,6.7,192.0,moderate,2024-01-09 06:00:00
28.6,6.3,6.6,79.0,good,2024-01-09 07:00:00
29.8,5.6,7.7,142.0,moderate,2024-01-09 08:00:00
30.6,5.2,7.1,306.0,moderate,2024-01-09 09:00:00
30.3,5.6,7.7,40.0,moderate,2024-01-09 10:00:00
30.4,5.5,7.7,40.0,moderate,2024-01-09 11:00:00
29.6,6.9,6.7,63.0,good,2024-01-09 12:00:00
29.6,6.3,7.6,227.0,good,2024-01-09 13:00:00
29.5,7.1,6.6,68.0,good,2024-01-09 14:00:00
26.7,6.9,7.7,121.0,good,2024-01-09 15:00:00
29.3,7.2,8.2,112.0,good,2024-01-09 16:00:00
28.0,6.9,7.7,103.0,good,2024-01-09 17:00:00
28.2,6.9,7.6,104.0,good,2024-01-09 18:00:00
26.5,6.4,7.4,1003.0,poor,2024-01-09 19:00:00
20.7,6.3,8.3,408.0,moderate,2024-01-09 20:00:00
27.2,6.7,7.8,105.0,good,2024-01-09 21:00:00
27.5,6.3,7.6,209.0,good,2024-01-09 22:00:00
26.5,7.3,7.7,86.0,good,2024-01-09 23:00:00
27.3,6.3,8.3,999.0,poor,2024-01-10 00:00:00
28.7,7.2,7.7,125.0,good,2024-01-10 01:00:00
28.4,7.1,7.5,127.0,good,2024-01-10 02:00:00
28.7,7.2,7.6,127.0,good,2024-01-10 03:00:00
28.7,7.0,7.6,126.0,good,2024-01-10 04:00:00
28.7,7.2,7.6,126.0,good,2024-01-10 05:00:00
28.7,7.1,7.8,112.0,good,2024-01-10 06:00:00
28.3,6.8,7.4,174.0,good,2024-01-10 07:00:00
27.2,6.8,8.1,167.0,good,2024-01-10 08:00:00
27.2,6.8,8.0,173.0,good,2024-01-10 09:00:00
27.2,7.0,8.0,168.0,good,2024-01-10 10:00:00
28.0,6.9,7.9,131.0,good,2024-01-10 11:00:00
26.2,7.0,7.6,125.0,good,2024-01-10 12:00:00
26.2,7.2,7.5,132.0,good,2024-01-10 13:00:00
28.2,7.2,7.7,119.0,good,2024-01-10 14:00:00
24.5,6.9,7.5,159.0,good,2024-01-10 15:00:00
24.5,6.7,7.7,141.0,good,2024-01-10 16:00:00
24.5,7.3,7.7,132.0,good,2024-01-10 17:00:00
24.0,6.4,7.3,76.0,good,2024-01-10 18:00:00
24.9,6.0,7.1,85.0,good,2024-01-10 19:00:00
24.3,6.3,7.1,69.0,good,2024-01-10 20:00:00
24.8,6.5,7.3,76.0,good,2024-01-10 21:00:00
26.4,6.7,6.6,60.0,good,2024-01-10 22:00:00
26.6,6.7,7.3,51.0,good,2024-01-10 23:00:00
28.6,6.9,7.7,107.0,good,2024-01-11 00:00:00
28.8,6.7,7.9,173.0,good,2024-01-11 01:00:00
28.0,5.6,6.9,126.0,moderate,2024-01-11 02:00:00
27.4,7.3,7.4,70.0,good,2024-01-11 03:00:00
26.8,7.1,7.4,80.0,good,2024-01-11 04:00:00
30.0,7.2,6.9,62.0,good,2024-01-11 05:00:00
24.8,6.4,7.2,120.0,good,2024-01-11 06:00:00
29.8,6.6,6.9,77.0,good,2024-01-11 07:00:00
30.2,6.8,7.0,72.0,good,2024-01-11 08:00:00
23.9,6.7,7.1,79.0,good,2024-01-11 09:00:00
26.4,6.9,7.4,112.0,good,2024-01-11 10:00:00
29.6,7.0,6.9,51.0,good,2024-01-11 11:00:00
26.3,7.0,7.1,30.0,good,2024-01-11 12:00:00
30.0,6.1,7.0,59.0,good,2024-01-11 13:00:00
28.0,6.0,6.4,61.0,moderate,2024-01-11 14:00:00
30.1,6.3,7.0,105.0,good,2024-01-11 15:00:00
27.9,6.9,8.1,502.0,moderate,2024-01-11 16:00:00
26.0,7.8,6.8,49.0,good,2024-01-11 17:00:00
27.7,7.1,7.4,380.0,moderate,2024-01-11 18:00:00
27.1,7.3,7.2,67.0,good,2024-01-11 19:00:00
26.5,6.2,7.2,51.0,good,2024-01-11 20:00:00
28.5,7.2,6.8,69.0,good,2024-01-11 21:00:00
28.7,6.9,6.7,75.0,good,2024-01-11 22:00:00
25.7,6.3,7.4,113.0,good,2024-01-11 23:00:00
29.3,7.6,6.8,79.0,good,2024-01-12 00:00:00
27.0,7.0,7.2,57.0,good,2024-01-12 01:00:00
27.1,6.8,7.2,105.0,good,2024-01-12 02:00:00
26.2,6.6,7.3,45.0,good,2024-01-12 03:00:00
26.2,6.9,7.2,42.0,good,2024-01-12 04:00:00
25.1,6.0,7.3,92.0,good,2024-01-12 05:00:00
27.4,6.1,7.2,59.0,good,2024-01-12 06:00:00
28.1,4.5,6.9,1190.0,poor,2024-01-12 07:00:00
28.3,4.2,7.0,69.0,moderate,2024-01-12 08:00:00
27.2,7.3,7.0,34.0,good,2024-01-12 09:00:00
27.4,6.3,7.0,44.0,good,2024-01-12 10:00:00
28.2,6.4,7.2,49.0,good,2024-01-12 11:00:00
27.3,4.6,7.0,65.0,moderate,2024-01-12 12:00:00
28.2,6.5,7.0,42.0,good,2024-01-12 13:00:00
26.7,6.4,6.4,45.0,moderate,2024-01-12 14:00:00
28.0,6.0,6.1,56.0,moderate,2024-01-12 15:00:00
29.7,5.3,6.8,99.0,moderate,2024-01-12 16:00:00
28.9,6.9,6.7,66.0,good,2024-01-12 17:00:00
26.4,6.0,6.6,67.0,good,2024-01-12 18:00:00
26.7,7.1,7.5,46.0,good,2024-01-12 19:00:00
27.0,6.0,7.3,432.0,moderate,2024-01-12 20:00:00
26.8,6.1,7.7,328.0,moderate,2024-01-12 21:00:00
21.4,6.1,8.0,674.0,poor,2024-01-12 22:00:00
27.1,7.3,7.3,164.0,good,2024-01-12 23:00:00
26.3,7.6,7.4,122.0,good,2024-01-13 00:00:00
28.3,6.5,7.1,95.0,good,2024-01-13 01:00:00
27.9,6.5,7.1,56.0,good,2024-01-13 02:00:00
23.4,7.5,7.8,237.0,good,2024-01-13 03:00:00
22.4,7.3,7.5,82.0,good,2024-01-13 04:00:00
26.8,7.5,8.0,202.0,good,2024-01-13 05:00:00
26.5,7.3,7.9,232.0,good,2024-01-13 06:00:00
22.0,7.4,7.9,246.0,good,2024-01-13 07:00:00
25.6,7.2,7.8,201.0,good,2024-01-13 08:00:00
26.5,7.3,8.0,221.0,good,2024-01-13 09:00:00
24.0,6.7,7.8,183.0,good,2024-01-13 10:00:00
28.0,8.0,7.7,401.0,moderate,2024-01-13 11:00:00
28.0,7.0,8.2,742.0,poor,2024-01-13 12:00:00
27.0,7.0,6.4,149.0,moderate,2024-01-13 13:00:00
27.8,6.7,7.5,1088.0,poor,2024-01-13 14:00:00
23.4,7.2,6.5,73.0,good,2024-01-13 15:00:00
25.4,6.7,6.3,98.0,moderate,2024-01-13 16:00:00
26.3,6.3,6.5,143.0,good,2024-01-13 17:00:00
29.0,6.6,6.9,260.0,good,2024-01-13 18:00:00
24.6,7.1,6.3,71.0,moderate,2024-01-13 19:00:00
23.5,6.9,6.3,65.0,moderate,2024-01-13 20:00:00
29.0,7.3,7.1,607.0,poor,2024-01-13 21:00:00
27.0,6.1,7.0,446.0,moderate,2024-01-13 22:00:00
24.0,6.9,6.4,94.0,moderate,2024-01-13 23:00:00
28.7,6.8,6.8,451.0,moderate,2024-01-14 00:00:00
26.3,6.0,6.6,169.0,good,2024-01-14 01:00:00
25.7,6.5,6.7,187.0,good,2024-01-14 02:00:00
23.3,5.5,7.2,636.0,poor,2024-01-14 03:00:00
22.8,4.7,7.3,1088.0,poor,2024-01-14 04:00:00
23.3,5.3,7.2,689.0,poor,2024-01-14 05:00:00
21.8,4.9,7.3,1267.0,poor,2024-01-14 06:00:00
24.3,5.3,7.4,852.0,poor,2024-01-14 07:00:00
23.5,4.9,7.5,977.0,poor,2024-01-14 08:00:00
24.0,4.4,7.4,1256.0,poor,2024-01-14 09:00:00
23.5,4.8,7.2,1021.0,poor,2024-01-14 10:00:00
23.3,5.1,7.3,971.0,poor,2024-01-14 11:00:00
22.5,4.6,7.4,1284.0,poor,2024-01-14 12:00:00
25.8,4.4,7.3,1002.0,poor,2024-01-14 13:00:00
27.0,6.7,6.9,910.0,poor,2024-01-14 14:00:00
27.0,6.7,6.5,930.0,poor,2024-01-14 15:00:00
27.0,5.0,7.3,183.0,moderate,2024-01-14 16:00:00
27.0,6.7,6.7,960.0,poor,2024-01-14 17:00:00
30.7,4.8,7.6,295.0,moderate,2024-01-14 18:00:00
20.3,7.1,7.5,293.0,good,2024-01-14 19:00:00
20.7,7.1,7.5,316.0,moderate,2024-01-14 20:00:00
20.8,6.6,7.5,274.0,good,2024-01-14 21:00:00
20.6,4.9,7.4,407.0,moderate,2024-01-14 22:00:00
28.0,4.9,8.3,603.0,poor,2024-01-14 23:00:00
23.4,5.5,7.4,138.0,moderate,2024-01-15 00:00:00
25.3,5.5,8.1,625.0,poor,2024-01-15 01:00:00
31.1,5.0,7.3,305.0,moderate,2024-01-15 02:00:00
26.3,5.6,8.1,552.0,moderate,2024-01-15 03:00:00
22.0,7.3,7.3,402.0,moderate,2024-01-15 04:00:00
24.4,7.2,7.3,99.0,good,2024-01-15 05:00:00
23.7,7.2,7.4,102.0,good,2024-01-15 06:00:00
24.6,7.6,7.2,72.0,good,2024-01-15 07:00:00
23.1,7.1,7.5,131.0,good,2024-01-15 08:00:00
23.8,8.0,6.9,64.0,good,2024-01-15 09:00:00
22.6,7.1,6.5,237.0,good,2024-01-15 10:00:00
25.2,7.8,7.2,50.0,good,2024-01-15 11:00:00
24.8,7.3,7.3,71.0,good,2024-01-15 12:00:00
20.7,7.4,7.1,49.0,good,2024-01-15 13:00:00
20.6,6.5,7.1,99.0,good,2024-01-15 14:00:00
23.9,7.8,7.3,93.0,good,2024-01-15 15:00:00
24.8,7.7,7.4,128.0,good,2024-01-15 16:00:00
20.6,7.4,7.0,69.0,good,2024-01-15 17:00:00
20.7,7.5,7.2,58.0,good,2024-01-15 18:00:00
22.7,7.9,7.1,55.0,good,2024-01-15 19:00:00
23.7,7.2,7.1,107.0,good,2024-01-15 20:00:00
22.7,7.5,7.0,82.0,good,2024-01-15 21:00:00
23.6,7.1,7.5,189.0,good,2024-01-15 22:00:00
23.8,7.0,7.6,197.0,good,2024-01-15 23:00:00
23.5,7.2,7.9,158.0,good,2024-01-16 00:00:00
23.5,6.5,7.8,161.0,good,2024-01-16 01:00:00
27.4,6.6,7.7,165.0,good,2024-01-16 02:00:00
21.9,6.7,7.8,167.0,good,2024-01-16 03:00:00
27.5,6.6,7.7,183.0,good,2024-01-16 04:00:00
31.0,7.1,7.8,151.0,good,2024-01-16 05:00:00
28.0,7.2,7.4,319.0,moderate,2024-01-16 06:00:00
27.0,6.2,8.4,894.0,poor,2024-01-16 07:00:00
31.0,5.9,7.2,52.0,moderate,2024-01-16 08:00:00
30.0,6.1,6.8,408.0,moderate,2024-01-16 09:00:00
30.0,5.5,6.9,143.0,moderate,2024-01-16 10:00:00
29.0,5.4,7.2,60.0,moderate,2024-01-16 11:00:00
29.0,5.8,7.2,34.0,moderate,2024-01-16 12:00:00
29.0,5.9,6.7,125.0,moderate,2024-01-16 13:00:00
28.0,6.4,6.7,175.0,good,2024-01-16 14:00:00
30.0,6.2,7.7,39.0,good,2024-01-16 15:00:00
30.0,6.1,7.8,39.0,good,2024-01-16 16:00:00
27.0,7.3,6.9,61.0,good,2024-01-16 17:00:00
28.0,6.8,6.6,71.0,good,2024-01-16 18:00:00
29.0,7.4,6.5,129.0,good,2024-01-16 19:00:00
28.0,7.0,6.8,503.0,moderate,2024-01-16 20:00:00
29.0,6.3,7.5,31.0,good,2024-01-16 21:00:00
29.0,7.1,6.8,70.0,good,2024-01-16 22:00:00
30.0,7.3,6.8,69.0,good,2024-01-16 23:00:00
28.0,6.7,6.6,118.0,good,2024-01-17 00:00:00
28.0,7.4,6.8,80.0,good,2024-01-17 01:00:00
29.0,4.5,6.6,250.0,moderate,2024-01-17 02:00:00
28.0,6.1,6.9,74.0,good,2024-01-17 03:00:00
30.0,5.9,7.3,44.0,moderate,2024-01-17 04:00:00
29.0,5.4,7.6,40.0,moderate,2024-01-17 05:00:00
30.0,5.3,7.6,41.0,moderate,2024-01-17 06:00:00
29.0,7.0,6.9,54.0,good,2024-01-17 07:00:00
29.0,5.9,7.7,44.0,moderate,2024-01-17 08:00:00
29.0,7.1,6.5,60.0,good,2024-01-17 09:00:00
29.0,6.9,7.7,99.0,good,2024-01-17 10:00:00
30.0,6.6,7.9,123.0,good,2024-01-17 11:00:00
27.0,6.6,7.7,220.0,good,2024-01-17 12:00:00
27.0,6.8,7.7,219.0,good,2024-01-17 13:00:00
23.0,6.4,8.0,493.0,moderate,2024-01-17 14:00:00
29.0,6.8,7.6,100.0,good,2024-01-17 15:00:00
29.0,6.7,7.5,316.0,moderate,2024-01-17 16:00:00
29.0,6.9,7.7,84.0,good,2024-01-17 17:00:00
28.0,6.9,7.9,312.0,moderate,2024-01-17 18:00:00
29.0,6.8,7.5,146.0,good,2024-01-17 19:00:00
29.0,6.7,7.3,127.0,good,2024-01-17 20:00:00
29.0,5.6,6.9,432.0,moderate,2024-01-17 21:00:00
29.0,6.5,7.3,126.0,good,2024-01-17 22:00:00
30.0,7.1,7.5,128.0,good,2024-01-17 23:00:00
30.0,6.4,7.3,129.0,good,2024-01-18 00:00:00
29.0,6.9,7.7,129.0,good,2024-01-18 01:00:00
25.0,7.0,7.9,153.0,good,2024-01-18 02:00:00
30.0,6.9,7.7,307.0,moderate,2024-01-18 03:00:00
31.0,6.3,7.7,322.0,moderate,2024-01-18 04:00:00
28.0,7.0,8.0,206.0,good,2024-01-18 05:00:00
27.0,6.8,7.8,239.0,good,2024-01-18 06:00:00
27.0,6.4,7.6,152.0,good,2024-01-18 07:00:00
26.0,6.7,7.7,146.0,good,2024-01-18 08:00:00
27.0,6.7,7.6,137.0,good,2024-01-18 09:00:00
28.0,6.6,7.8,228.0,good,2024-01-18 10:00:00
23.0,7.0,7.7,409.0,moderate,2024-01-18 11:00:00
22.0,6.8,7.6,263.0,good,2024-01-18 12:00:00
23.0,6.9,7.5,338.0,moderate,2024-01-18 13:00:00
26.0,7.0,7.2,79.0,good,2024-01-18 14:00:00
26.0,6.6,7.0,67.0,good,2024-01-18 15:00:00
26.0,6.6,7.3,59.0,good,2024-01-18 16:00:00
26.0,6.2,7.3,66.0,good,2024-01-18 17:00:00
26.0,7.1,7.0,67.0,good,2024-01-18 18:00:00
29.0,6.7,7.3,89.0,good,2024-01-18 19:00:00
28.0,6.2,7.3,136.0,good,2024-01-18 20:00:00
28.0,7.1,8.1,212.0,good,2024-01-18 21:00:00
29.0,6.3,6.3,134.0,moderate,2024-01-18 22:00:00
26.0,7.3,7.2,76.0,good,2024-01-18 23:00:00
28.0,6.8,7.1,75.0,good,2024-01-19 00:00:00
29.0,7.4,7.2,61.0,good,2024-01-19 01:00:00
26.0,6.6,7.2,92.0,good,2024-01-19 02:00:00
25.0,6.6,7.2,1348.0,poor,2024-01-19 03:00:00
29.0,6.0,6.7,95.0,good,2024-01-19 04:00:00
29.0,6.6,6.8,78.0,good,2024-01-19 05:00:00
25.0,7.1,7.2,61.0,good,2024-01-19 06:00:00
27.0,6.6,8.0,310.0,moderate,2024-01-19 07:00:00
27.0,7.0,7.1,97.0,good,2024-01-19 08:00:00
29.0,7.3,7.0,51.0,good,2024-01-19 09:00:00
29.0,7.0,7.4,55.0,good,2024-01-19 10:00:00
29.0,6.1,6.8,67.0,good,2024-01-19 11:00:00
27.0,7.0,6.7,61.0,good,2024-01-19 12:00:00
30.0,5.2,6.9,81.0,moderate,2024-01-19 13:00:00
27.0,6.1,8.0,510.0,moderate,2024-01-19 14:00:00
25.0,7.9,7.2,50.0,good,2024-01-19 15:00:00
25.0,7.5,6.9,34.0,good,2024-01-19 16:00:00
26.0,7.0,7.4,72.0,good,2024-01-19 17:00:00
29.0,7.3,7.3,99.0,good,2024-01-19 18:00:00
27.0,7.5,6.9,125.0,good,2024-01-19 19:00:00
27.0,6.8,6.9,116.0,good,2024-01-19 20:00:00
27.0,5.8,7.3,107.0,moderate,2024-01-19 21:00:00
28.0,7.1,7.2,85.0,good,2024-01-19 22:00:00
26.0,6.8,7.1,58.0,good,2024-01-19 23:00:00
27.0,6.7,7.1,58.0,good,2024-01-20 00:00:00
28.0,6.6,7.3,70.0,good,2024-01-20 01:00:00
29.0,7.0,7.3,60.0,good,2024-01-20 02:00:00
26.0,6.3,7.2,97.0,good,2024-01-20 03:00:00
28.0,6.0,7.0,63.0,good,2024-01-20 04:00:00
28.0,4.4,7.1,113.0,moderate,2024-01-20 05:00:00
28.0,4.5,7.2,79.0,moderate,2024-01-20 06:00:00
27.0,7.5,7.2,36.0,good,2024-01-20 07:00:00
28.0,6.8,7.0,59.0,good,2024-01-20 08:00:00
28.0,6.8,6.9,114.0,good,2024-01-20 09:00:00
28.0,5.9,6.8,1108.0,poor,2024-01-20 10:00:00
28.0,4.9,6.7,88.0,moderate,2024-01-20 11:00:00
28.0,7.1,6.9,45.0,good,2024-01-20 12:00:00
26.0,6.9,6.6,56.0,good,2024-01-20 13:00:00
28.0,6.5,6.3,49.0,moderate,2024-01-20 14:00:00
29.0,4.9,6.6,169.0,moderate,2024-01-20 15:00:00
28.0,6.9,7.1,63.0,good,2024-01-20 16:00:00
26.0,6.6,6.7,69.0,good,2024-01-20 17:00:00
29.0,6.3,7.3,74.0,good,2024-01-20 18:00:00
27.0,6.0,7.6,429.0,moderate,2024-01-20 19:00:00
27.0,6.0,7.8,308.0,moderate,2024-01-20 20:00:00
24.0,6.1,7.5,465.0,moderate,2024-01-20 21:00:00
28.0,6.4,7.1,183.0,good,2024-01-20 22:00:00
27.0,7.1,7.4,135.0,good,2024-01-20 23:00:00
32.0,6.7,7.2,103.0,good,2024-01-21 00:00:00
30.0,6.8,7.1,106.0,good,2024-01-21 01:00:00
22.0,7.8,7.9,213.0,good,2024-01-21 02:00:00
22.0,7.7,8.1,312.0,moderate,2024-01-21 03:00:00
24.0,6.9,7.6,99.0,good,2024-01-21 04:00:00
27.0,7.3,8.0,230.0,good,2024-01-21 05:00:00
26.0,6.8,8.1,264.0,good,2024-01-21 06:00:00
25.0,7.2,8.1,272.0,good,2024-01-21 07:00:00
28.0,8.0,8.3,312.0,moderate,2024-01-21 08:00:00
26.0,7.0,8.0,199.0,good,2024-01-21 09:00:00
28.0,7.2,8.1,201.0,good,2024-01-21 10:00:00
31.0,6.8,7.8,505.0,moderate,2024-01-21 11:00:00
27.0,6.8,7.5,890.0,poor,2024-01-21 12:00:00
23.0,7.3,7.6,160.0,good,2024-01-21 13:00:00
25.0,7.0,7.7,111.0,good,2024-01-21 14:00:00
26.0,6.7,7.7,139.0,good,2024-01-21 15:00:00
29.0,7.2,7.2,288.0,good,2024-01-21 16:00:00
24.0,7.0,7.1,95.0,good,2024-01-21 17:00:00
24.0,7.0,7.5,84.0,good,2024-01-21 18:00:00
29.0,7.2,7.3,510.0,moderate,2024-01-21 19:00:00
24.0,7.1,7.4,88.0,good,2024-01-21 20:00:00
29.0,7.2,6.9,338.0,moderate,2024-01-21 21:00:00
26.0,6.7,7.6,162.0,good,2024-01-21 22:00:00
27.0,6.7,7.6,182.0,good,2024-01-21 23:00:00
27.0,6.8,8.0,414.0,moderate,2024-01-22 00:00:00
21.0,5.5,7.4,635.0,poor,2024-01-22 01:00:00
24.0,5.5,7.4,1051.0,poor,2024-01-22 02:00:00
21.0,5.3,7.3,636.0,poor,2024-01-22 03:00:00
24.0,5.1,7.4,993.0,poor,2024-01-22 04:00:00
21.0,5.3,7.5,632.0,poor,2024-01-22 05:00:00
22.0,4.3,7.5,1156.0,poor,2024-01-22 06:00:00
22.0,4.8,7.4,904.0,poor,2024-01-22 07:00:00
21.0,5.1,7.4,1110.0,poor,2024-01-22 08:00:00
24.0,5.3,7.4,1290.0,poor,2024-01-22 09:00:00
22.0,4.9,7.4,990.0,poor,2024-01-22 10:00:00
22.0,5.2,7.4,914.0,poor,2024-01-22 11:00:00
27.0,6.6,7.8,1302.0,poor,2024-01-22 12:00:00
27.0,6.4,8.0,1286.0,poor,2024-01-22 13:00:00
33.0,4.8,7.5,280.0,moderate,2024-01-22 14:00:00
24.0,6.0,8.3,468.0,moderate,2024-01-22 15:00:00
23.0,6.4,8.0,527.0,moderate,2024-01-22 16:00:00
24.0,5.9,7.9,796.0,poor,2024-01-22 17:00:00
23.0,7.3,7.4,388.0,moderate,2024-01-22 18:00:00
28.0,8.5,7.5,166.0,good,2024-01-22 19:00:00
30.0,8.0,7.8,144.0,good,2024-01-22 20:00:00
30.0,7.5,7.7,87.0,good,2024-01-22 21:00:00
28.0,8.5,7.6,84.0,good,2024-01-22 22:00:00
29.0,8.4,7.5,103.0,good,2024-01-22 23:00:00
30.0,8.7,7.2,117.0,good,2024-01-23 00:00:00
29.0,6.5,7.7,287.0,good,2024-01-23 01:00:00
28.0,8.6,7.5,130.0,good,2024-01-23 02:00:00
28.0,7.6,7.5,147.0,good,2024-01-23 03:00:00
29.0,8.7,7.6,202.0,good,2024-01-23 04:00:00
28.0,8.4,7.4,177.0,good,2024-01-23 05:00:00
29.0,8.7,7.6,203.0,good,2024-01-23 06:00:00
32.0,8.2,7.4,120.0,good,2024-01-23 07:00:00
32.0,8.0,7.2,110.0,good,2024-01-23 08:00:00
30.0,8.4,7.6,213.0,good,2024-01-23 09:00:00
31.0,8.1,8.0,244.0,good,2024-01-23 10:00:00
29.0,8.1,8.0,162.0,good,2024-01-23 11:00:00
30.0,8.7,7.6,163.0,good,2024-01-23 12:00:00
29.0,8.7,7.6,143.0,good,2024-01-23 13:00:00
29.0,8.3,7.7,158.0,good,2024-01-23 14:00:00
29.0,5.9,7.1,338.0,moderate,2024-01-23 15:00:00
30.0,4.3,7.4,269.0,moderate,2024-01-23 16:00:00
29.0,8.2,7.1,109.0,good,2024-01-23 17:00:00
29.0,7.4,7.1,116.0,good,2024-01-23 18:00:00
28.0,8.2,7.6,112.0,good,2024-01-23 19:00:00
29.0,8.5,7.5,169.0,good,2024-01-23 20:00:00
28.0,7.9,7.3,131.0,good,2024-01-23 21:00:00
29.0,8.7,7.4,176.0,good,2024-01-23 22:00:00
30.0,8.1,7.3,199.0,good,2024-01-23 23:00:00
30.0,8.2,7.4,170.0,good,2024-01-24 00:00:00
25.0,7.7,7.2,95.0,good,2024-01-24 01:00:00
25.0,7.6,7.2,92.0,good,2024-01-24 02:00:00
24.0,7.6,7.4,93.0,good,2024-01-24 03:00:00
23.0,8.3,7.0,59.0,good,2024-01-24 04:00:00
25.0,7.7,6.3,250.0,moderate,2024-01-24 05:00:00
25.0,8.8,7.3,37.0,good,2024-01-24 06:00:00
25.0,7.3,7.3,72.0,good,2024-01-24 07:00:00
22.0,7.8,7.1,44.0,good,2024-01-24 08:00:00
21.0,7.5,6.3,52.0,moderate,2024-01-24 09:00:00
24.0,7.9,7.3,93.0,good,2024-01-24 10:00:00
25.0,7.7,7.1,101.0,good,2024-01-24 11:00:00
21.0,8.2,7.1,49.0,good,2024-01-24 12:00:00
21.0,7.8,7.1,58.0,good,2024-01-24 13:00:00
24.0,8.4,7.1,48.0,good,2024-01-24 14:00:00
24.0,7.7,7.2,107.0,good,2024-01-24 15:00:00
22.0,7.6,7.1,51.0,good,2024-01-24 16:00:00
24.0,6.5,7.4,297.0,good,2024-01-24 17:00:00
24.0,6.3,7.5,287.0,good,2024-01-24 18:00:00
24.0,6.5,7.2,375.0,moderate,2024-01-24 19:00:00
24.0,6.9,6.9,349.0,moderate,2024-01-24 20:00:00
28.0,6.6,7.8,165.0,good,2024-01-24 21:00:00
28.0,6.4,8.0,155.0,good,2024-01-24 22:00:00
27.0,6.5,8.0,168.0,good,2024-01-24 23:00:00
29.1,6.7,7.7,218.0,good,2024-01-25 00:00:00
27.7,6.7,8.5,235.0,good,2024-01-25 01:00:00
27.1,6.7,8.3,262.0,good,2024-01-25 02:00:00
27.1,6.8,7.8,227.0,good,2024-01-25 03:00:00
27.3,6.8,8.5,249.0,good,2024-01-25 04:00:00
27.6,7.1,7.3,212.0,good,2024-01-25 05:00:00
28.0,6.7,8.0,304.0,moderate,2024-01-25 06:00:00
28.5,5.8,7.7,1315.0,poor,2024-01-25 07:00:00
27.0,7.6,7.7,1291.0,poor,2024-01-25 08:00:00
27.0,4.3,8.4,605.0,poor,2024-01-25 09:00:00
27.0,4.6,7.2,729.0,poor,2024-01-25 10:00:00
28.7,6.8,6.5,43.0,good,2024-01-25 11:00:00
29.3,6.6,7.0,59.0,good,2024-01-25 12:00:00
28.8,6.0,6.2,106.0,moderate,2024-01-25 13:00:00
28.3,5.9,6.6,516.0,moderate,2024-01-25 14:00:00
25.8,7.3,6.1,87.0,moderate,2024-01-25 15:00:00
28.3,7.3,5.9,74.0,poor,2024-01-25 16:00:00
27.8,6.7,6.3,127.0,moderate,2024-01-25 17:00:00
26.0,6.8,6.2,226.0,moderate,2024-01-25 18:00:00
27.8,7.1,5.9,93.0,poor,2024-01-25 19:00:00
26.3,7.4,6.2,76.0,moderate,2024-01-25 20:00:00
25.7,7.3,6.2,113.0,moderate,2024-01-25 21:00:00
29.0,7.3,5.9,100.0,poor,2024-01-25 22:00:00
26.9,6.0,5.9,273.0,poor,2024-01-25 23:00:00
27.0,6.1,6.5,201.0,good,2024-01-26 00:00:00
27.5,6.2,6.3,245.0,moderate,2024-01-26 01:00:00
28.3,7.0,6.5,75.0,good,2024-01-26 02:00:00
29.0,7.3,6.0,74.0,moderate,2024-01-26 03:00:00
28.2,7.1,7.9,108.0,good,2024-01-26 04:00:00
27.0,7.1,7.7,111.0,good,2024-01-26 05:00:00
27.4,7.0,8.0,129.0,good,2024-01-26 06:00:00
27.3,7.0,8.0,130.0,good,2024-01-26 07:00:00
28.4,5.9,7.6,462.0,moderate,2024-01-26 08:00:00
28.4,7.0,7.7,107.0,good,2024-01-26 09:00:00
28.9,6.2,7.4,299.0,good,2024-01-26 10:00:00
28.9,7.2,7.9,77.0,good,2024-01-26 11:00:00
27.9,6.8,7.8,350.0,moderate,2024-01-26 12:00:00
26.8,6.9,7.5,133.0,good,2024-01-26 13:00:00
27.2,6.9,7.5,143.0,good,2024-01-26 14:00:00
26.8,6.1,6.9,609.0,poor,2024-01-26 15:00:00
26.9,6.8,7.4,129.0,good,2024-01-26 16:00:00
26.8,6.7,7.4,130.0,good,2024-01-26 17:00:00
26.9,6.6,7.4,130.0,good,2024-01-26 18:00:00
26.9,6.7,7.5,120.0,good,2024-01-26 19:00:00
26.2,7.1,7.9,139.0,good,2024-01-26 20:00:00
26.4,6.7,7.7,274.0,good,2024-01-26 21:00:00
26.7,6.3,7.9,326.0,moderate,2024-01-26 22:00:00
27.6,7.0,8.3,162.0,good,2024-01-26 23:00:00
27.5,7.0,8.3,212.0,good,2024-01-27 00:00:00
27.5,7.1,8.3,227.0,good,2024-01-27 01:00:00
26.9,6.8,8.2,314.0,moderate,2024-01-27 02:00:00
25.9,6.8,7.8,151.0,good,2024-01-27 03:00:00
25.9,7.0,7.8,123.0,good,2024-01-27 04:00:00
26.0,6.9,7.8,139.0,good,2024-01-27 05:00:00
26.9,6.8,8.2,313.0,moderate,2024-01-27 06:00:00
24.8,6.7,7.8,215.0,good,2024-01-27 07:00:00
26.2,6.7,7.8,204.0,good,2024-01-27 08:00:00
25.3,6.9,7.7,205.0,good,2024-01-27 09:00:00
26.6,7.1,6.9,72.0,good,2024-01-27 10:00:00
26.8,6.6,6.9,70.0,good,2024-01-27 11:00:00
26.6,6.9,7.1,52.0,good,2024-01-27 12:00:00
26.8,7.2,7.0,830.0,poor,2024-01-27 13:00:00
29.3,6.3,6.9,95.0,good,2024-01-27 14:00:00
25.4,7.2,7.4,164.0,good,2024-01-27 15:00:00
25.5,6.9,7.5,231.0,good,2024-01-27 16:00:00
26.6,6.5,6.9,101.0,good,2024-01-27 17:00:00
24.7,7.1,7.1,64.0,good,2024-01-27 18:00:00
28.0,7.5,7.2,52.0,good,2024-01-27 19:00:00
27.4,7.1,7.0,90.0,good,2024-01-27 20:00:00
26.5,6.1,7.0,248.0,good,2024-01-27 21:00:00
28.4,6.0,7.0,94.0,good,2024-01-27 22:00:00
28.8,6.5,7.5,76.0,good,2024-01-27 23:00:00
26.5,7.2,7.1,52.0,good,2024-01-28 00:00:00
28.0,7.2,7.3,54.0,good,2024-01-28 01:00:00
27.9,6.4,6.5,58.0,good,2024-01-28 02:00:00
28.1,6.3,6.8,77.0,good,2024-01-28 03:00:00
28.6,5.4,6.6,80.0,moderate,2024-01-28 04:00:00
25.3,5.8,7.8,666.0,poor,2024-01-28 05:00:00
26.1,7.7,7.2,44.0,good,2024-01-28 06:00:00
24.3,7.1,7.0,27.0,good,2024-01-28 07:00:00
26.0,7.3,7.2,59.0,good,2024-01-28 08:00:00
28.5,7.8,7.1,119.0,good,2024-01-28 09:00:00
26.6,7.3,7.1,54.0,good,2024-01-28 10:00:00
26.8,7.0,6.6,104.0,good,2024-01-28 11:00:00
28.0,6.0,7.2,92.0,good,2024-01-28 12:00:00
26.2,6.8,6.6,48.0,good,2024-01-28 13:00:00
26.5,7.0,7.0,56.0,good,2024-01-28 14:00:00
27.0,7.3,7.2,62.0,good,2024-01-28 15:00:00
27.3,7.6,7.2,59.0,good,2024-01-28 16:00:00
27.9,6.4,6.8,83.0,good,2024-01-28 17:00:00
27.8,7.0,6.6,50.0,good,2024-01-28 18:00:00
27.8,6.7,6.8,76.0,good,2024-01-28 19:00:00
28.3,6.7,6.6,64.0,good,2024-01-28 20:00:00
27.5,5.6,6.9,943.0,poor,2024-01-28 21:00:00
26.3,7.4,7.0,38.0,good,2024-01-28 22:00:00
27.0,6.7,6.9,43.0,good,2024-01-28 23:00:00
27.4,7.1,7.3,48.0,good,2024-01-29 00:00:00
27.0,6.2,6.8,309.0,moderate,2024-01-29 01:00:00
27.4,5.2,6.8,61.0,moderate,2024-01-29 02:00:00
27.3,6.8,6.9,995.0,poor,2024-01-29 03:00:00
27.0,6.8,6.9,52.0,good,2024-01-29 04:00:00
27.8,6.2,6.6,44.0,good,2024-01-29 05:00:00
28.4,4.5,6.5,77.0,moderate,2024-01-29 06:00:00
28.8,7.0,7.4,69.0,good,2024-01-29 07:00:00
25.9,6.5,6.8,58.0,good,2024-01-29 08:00:00
28.0,4.6,6.9,98.0,moderate,2024-01-29 09:00:00
28.8,7.1,7.0,51.0,good,2024-01-29 10:00:00
27.6,6.2,7.5,371.0,moderate,2024-01-29 11:00:00
27.6,6.2,7.7,316.0,moderate,2024-01-29 12:00:00
28.3,7.3,7.1,241.0,good,2024-01-29 13:00:00
27.5,7.7,7.4,121.0,good,2024-01-29 14:00:00
30.5,6.5,7.3,64.0,good,2024-01-29 15:00:00
29.5,6.9,7.4,57.0,good,2024-01-29 16:00:00
22.3,7.5,8.0,211.0,good,2024-01-29 17:00:00
22.3,7.2,8.0,263.0,good,2024-01-29 18:00:00
25.0,7.0,7.6,111.0,good,2024-01-29 19:00:00
25.9,7.5,7.9,205.0,good,2024-01-29 20:00:00
25.9,7.1,7.7,283.0,good,2024-01-29 21:00:00
24.8,7.4,8.0,263.0,good,2024-01-29 22:00:00
27.5,8.1,8.0,300.0,good,2024-01-29 23:00:00
25.0,7.4,8.0,207.0,good,2024-01-30 00:00:00
25.8,7.2,8.0,198.0,good,2024-01-30 01:00:00
26.8,6.5,8.1,729.0,poor,2024-01-30 02:00:00
28.4,6.3,7.6,830.0,poor,2024-01-30 03:00:00
24.0,7.4,7.6,104.0,good,2024-01-30 04:00:00
27.0,6.9,7.8,440.0,moderate,2024-01-30 05:00:00
24.8,5.8,7.2,732.0,poor,2024-01-30 06:00:00
24.0,5.6,7.4,1322.0,poor,2024-01-30 07:00:00
25.0,5.4,7.3,809.0,poor,2024-01-30 08:00:00
23.3,5.7,7.3,1103.0,poor,2024-01-30 09:00:00
25.8,5.7,7.5,906.0,poor,2024-01-30 10:00:00
26.0,4.7,7.3,1383.0,poor,2024-01-30 11:00:00
26.0,4.8,7.4,1063.0,poor,2024-01-30 12:00:00
23.4,5.6,7.5,1269.0,poor,2024-01-30 13:00:00
24.3,5.4,7.4,1194.0,poor,2024-01-30 14:00:00
28.0,4.8,7.9,650.0,poor,2024-01-30 15:00:00
32.0,5.0,7.3,390.0,moderate,2024-01-30 16:00:00
21.4,8.3,7.6,334.0,moderate,2024-01-30 17:00:00
22.3,8.2,7.7,316.0,moderate,2024-01-30 18:00:00
22.8,8.3,7.6,304.0,moderate,2024-01-30 19:00:00
21.8,5.5,7.6,743.0,poor,2024-01-30 20:00:00
26.9,5.1,7.8,657.0,poor,2024-01-30 21:00:00
27.3,5.3,7.8,623.0,poor,2024-01-30 22:00:00
26.0,5.1,7.2,17.0,moderate,2024-01-30 23:00:00
21.8,5.9,7.0,164.0,moderate,2024-01-31 00:00:00
22.3,6.1,7.3,141.0,good,2024-01-31 01:00:00
22.3,5.6,7.1,427.0,moderate,2024-01-31 02:00:00
22.3,4.7,7.0,527.0,moderate,2024-01-31 03:00:00
23.0,5.5,8.6,116.0,moderate,2024-01-31 04:00:00
23.0,6.8,6.8,160.0,good,2024-01-31 05:00:00
23.0,7.0,7.4,47.0,good,2024-01-31 06:00:00
23.0,7.3,7.8,116.0,good,2024-01-31 07:00:00
22.0,5.5,7.3,179.0,moderate,2024-01-31 08:00:00
22.3,4.7,7.4,220.0,moderate,2024-01-31 09:00:00
27.0,4.9,7.0,180.0,moderate,2024-01-31 10:00:00
30.0,5.8,7.8,367.0,moderate,2024-01-31 11:00:00
23.0,5.8,7.4,249.0,moderate,2024-01-31 12:00:00
23.0,6.2,6.9,182.0,good,2024-01-31 13:00:00
22.7,5.5,7.7,356.0,moderate,2024-01-31 14:00:00
23.0,5.1,6.9,190.0,moderate,2024-01-31 15:00:00
23.5,5.2,7.1,164.0,moderate,2024-01-31 16:00:00
23.0,4.6,7.0,188.0,moderate,2024-01-31 17:00:00
23.5,5.6,6.6,165.0,moderate,2024-01-31 18:00:00
22.5,5.5,6.9,118.0,moderate,2024-01-31 19:00:00
23.0,6.0,7.0,100.0,good,2024-01-31 20:00:00
22.5,4.9,6.9,93.0,moderate,2024-01-31 21:00:00
22.7,5.4,7.2,211.0,moderate,2024-01-31 22:00:00
26.0,6.0,7.5,231.0,good,2024-01-31 23:00:00
22.5,5.7,6.9,261.0,moderate,2024-02-01 00:00:00
21.0,6.1,7.6,163.0,good,2024-02-01 01:00:00
22.5,5.1,6.9,170.0,moderate,2024-02-01 02:00:00
24.4,7.8,7.2,139.0,good,2024-02-01 03:00:00
20.8,7.3,7.0,162.0,good,2024-02-01 04:00:00
25.2,7.8,7.1,136.0,good,2024-02-01 05:00:00
24.0,7.7,7.1,205.0,good,2024-02-01 06:00:00
23.4,8.1,7.1,267.0,good,2024-02-01 07:00:00
23.4,8.0,7.0,278.0,good,2024-02-01 08:00:00
23.2,6.9,7.2,268.0,good,2024-02-01 09:00:00
23.3,6.8,7.1,286.0,good,2024-02-01 10:00:00
28.4,6.6,7.8,149.0,good,2024-02-01 11:00:00
28.6,6.3,8.0,164.0,good,2024-02-01 12:00:00
28.5,6.6,7.9,196.0,good,2024-02-01 13:00:00
30.2,5.8,7.8,378.0,moderate,2024-02-01 14:00:00
29.7,6.6,7.7,489.0,moderate,2024-02-01 15:00:00
30.1,6.6,7.4,492.0,moderate,2024-02-01 16:00:00
30.3,6.2,7.8,359.0,moderate,2024-02-01 17:00:00
26.0,5.1,8.1,533.0,moderate,2024-02-01 18:00:00
27.0,7.1,8.0,555.0,moderate,2024-02-01 19:00:00
29.3,8.1,7.6,938.0,poor,2024-02-01 20:00:00
29.3,6.6,6.5,58.0,good,2024-02-01 21:00:00
28.8,6.6,6.6,145.0,good,2024-02-01 22:00:00
29.0,6.3,6.6,55.0,good,2024-02-01 23:00:00
28.8,6.4,6.4,188.0,moderate,2024-02-02 00:00:00
27.3,6.9,6.2,61.0,moderate,2024-02-02 01:00:00
28.3,7.2,6.1,62.0,moderate,2024-02-02 02:00:00
29.0,6.9,6.6,154.0,good,2024-02-02 03:00:00
27.6,7.0,6.3,742.0,poor,2024-02-02 04:00:00
28.8,7.6,6.2,62.0,moderate,2024-02-02 05:00:00
28.3,7.1,6.2,69.0,moderate,2024-02-02 06:00:00
27.8,6.8,6.0,93.0,moderate,2024-02-02 07:00:00
28.5,7.1,6.2,89.0,moderate,2024-02-02 08:00:00
28.1,6.3,6.2,110.0,moderate,2024-02-02 09:00:00
29.0,6.2,7.0,77.0,good,2024-02-02 10:00:00
29.5,6.2,6.8,67.0,good,2024-02-02 11:00:00
30.2,6.9,6.5,62.0,good,2024-02-02 12:00:00
28.3,6.7,6.2,62.0,moderate,2024-02-02 13:00:00
28.7,6.8,7.9,119.0,good,2024-02-02 14:00:00
26.0,7.0,7.7,88.0,good,2024-02-02 15:00:00
27.0,6.9,7.3,70.0,good,2024-02-02 16:00:00
27.0,7.4,7.2,77.0,good,2024-02-02 17:00:00
32.1,5.5,8.1,363.0,moderate,2024-02-02 18:00:00
30.3,6.9,7.5,86.0,good,2024-02-02 19:00:00
30.1,6.4,7.4,621.0,poor,2024-02-02 20:00:00
28.7,6.9,7.4,73.0,good,2024-02-02 21:00:00
28.5,7.4,8.1,254.0,good,2024-02-02 22:00:00
27.7,6.7,7.4,125.0,good,2024-02-02 23:00:00
28.6,6.6,7.5,129.0,good,2024-02-03 00:00:00
27.1,6.1,7.3,515.0,moderate,2024-02-03 01:00:00
27.1,6.6,7.4,122.0,good,2024-02-03 02:00:00
27.0,6.5,7.3,131.0,good,2024-02-03 03:00:00
26.8,6.7,7.3,130.0,good,2024-02-03 04:00:00
26.8,6.6,7.4,95.0,good,2024-02-03 05:00:00
26.4,6.8,7.7,143.0,good,2024-02-03 06:00:00
22.3,7.1,7.4,185.0,good,2024-02-03 07:00:00
22.0,6.6,7.5,185.0,good,2024-02-03 08:00:00
28.2,7.1,7.7,193.0,good,2024-02-03 09:00:00
28.2,7.1,7.9,175.0,good,2024-02-03 10:00:00
28.3,7.1,7.8,174.0,good,2024-02-03 11:00:00
27.0,7.2,7.5,308.0,moderate,2024-02-03 12:00:00
26.3,6.4,7.7,153.0,good,2024-02-03 13:00:00
26.1,7.0,7.7,111.0,good,2024-02-03 14:00:00
26.0,6.6,7.6,209.0,good,2024-02-03 15:00:00
27.0,7.5,8.2,296.0,good,2024-02-03 16:00:00
27.6,6.9,7.5,119.0,good,2024-02-03 17:00:00
27.6,6.8,7.7,116.0,good,2024-02-03 18:00:00
27.3,7.0,7.7,118.0,good,2024-02-03 19:00:00
27.4,5.2,6.6,453.0,moderate,2024-02-03 20:00:00
27.3,7.2,6.8,35.0,good,2024-02-03 21:00:00
26.0,7.0,7.1,62.0,good,2024-02-03 22:00:00
27.5,7.2,7.0,51.0,good,2024-02-03 23:00:00
28.1,6.7,6.9,62.0,good,2024-02-04 00:00:00
28.2,6.5,6.5,118.0,good,2024-02-04 01:00:00
28.0,6.6,6.8,49.0,good,2024-02-04 02:00:00
24.3,6.8,7.3,67.0,good,2024-02-04 03:00:00
25.8,7.3,7.4,104.0,good,2024-02-04 04:00:00
27.8,6.5,6.7,39.0,good,2024-02-04 05:00:00
26.3,7.2,6.5,45.0,good,2024-02-04 06:00:00
28.5,7.4,6.9,65.0,good,2024-02-04 07:00:00
29.3,6.5,6.5,60.0,good,2024-02-04 08:00:00
27.6,6.6,6.9,57.0,good,2024-02-04 09:00:00
28.1,7.1,7.0,84.0,good,2024-02-04 10:00:00
27.8,7.5,6.8,56.0,good,2024-02-04 11:00:00
28.1,5.4,6.7,100.0,moderate,2024-02-04 12:00:00
26.6,7.0,6.9,66.0,good,2024-02-04 13:00:00
27.8,7.1,6.9,75.0,good,2024-02-04 14:00:00
29.3,6.5,6.7,70.0,good,2024-02-04 15:00:00
28.0,6.7,6.6,102.0,good,2024-02-04 16:00:00
23.8,7.1,6.8,27.0,good,2024-02-04 17:00:00
26.3,6.9,7.1,46.0,good,2024-02-04 18:00:00
27.1,7.5,7.3,53.0,good,2024-02-04 19:00:00
28.5,7.6,7.3,62.0,good,2024-02-04 20:00:00
26.4,7.4,6.7,55.0,good,2024-02-04 21:00:00
27.1,7.0,6.8,103.0,good,2024-02-04 22:00:00
26.9,5.3,6.9,109.0,moderate,2024-02-04 23:00:00
28.6,6.3,7.0,1392.0,poor,2024-02-05 00:00:00
27.9,6.7,7.0,71.0,good,2024-02-05 01:00:00
28.4,6.0,6.4,57.0,moderate,2024-02-05 02:00:00
29.0,4.2,6.6,93.0,moderate,2024-02-05 03:00:00
28.8,5.1,6.7,88.0,moderate,2024-02-05 04:00:00
28.5,6.9,7.0,84.0,good,2024-02-05 05:00:00
28.1,6.9,6.1,86.0,moderate,2024-02-05 06:00:00
26.8,7.0,6.6,59.0,good,2024-02-05 07:00:00
28.1,6.8,6.0,55.0,moderate,2024-02-05 08:00:00
29.0,6.0,5.9,105.0,poor,2024-02-05 09:00:00
28.0,6.5,7.6,312.0,moderate,2024-02-05 10:00:00
27.4,6.4,7.7,203.0,good,2024-02-05 11:00:00
28.8,7.3,7.3,308.0,moderate,2024-02-05 12:00:00
28.0,7.5,8.1,228.0,good,2024-02-05 13:00:00
27.3,7.7,8.1,243.0,good,2024-02-05 14:00:00
29.0,7.6,7.9,191.0,good,2024-02-05 15:00:00
24.5,7.5,7.9,237.0,good,2024-02-05 16:00:00
24.8,7.4,7.7,865.0,poor,2024-02-05 17:00:00
25.3,6.7,6.9,132.0,good,2024-02-05 18:00:00
26.8,7.1,7.9,211.0,good,2024-02-05 19:00:00
29.0,6.7,7.9,182.0,good,2024-02-05 20:00:00
28.0,6.4,8.3,565.0,moderate,2024-02-05 21:00:00
28.0,6.3,6.6,425.0,moderate,2024-02-05 22:00:00
24.8,7.4,7.0,75.0,good,2024-02-05 23:00:00
27.2,7.2,6.8,70.0,good,2024-02-06 00:00:00
27.3,6.6,7.0,119.0,good,2024-02-06 01:00:00
28.4,6.9,7.0,236.0,good,2024-02-06 02:00:00
26.8,7.0,6.9,73.0,good,2024-02-06 03:00:00
25.2,7.2,6.9,75.0,good,2024-02-06 04:00:00
28.4,6.9,7.2,385.0,moderate,2024-02-06 05:00:00
28.2,6.4,7.6,860.0,poor,2024-02-06 06:00:00
24.0,7.6,6.6,166.0,good,2024-02-06 07:00:00
29.0,6.9,7.2,308.0,moderate,2024-02-06 08:00:00
25.0,6.8,6.7,247.0,good,2024-02-06 09:00:00
25.0,6.6,6.9,359.0,moderate,2024-02-06 10:00:00
23.5,6.1,7.8,825.0,poor,2024-02-06 11:00:00
27.0,6.5,8.4,240.0,good,2024-02-06 12:00:00
20.3,5.6,6.7,807.0,poor,2024-02-06 13:00:00
27.0,4.8,7.8,599.0,moderate,2024-02-06 14:00:00
20.5,4.7,6.7,906.0,poor,2024-02-06 15:00:00
20.5,5.4,6.8,883.0,poor,2024-02-06 16:00:00
20.5,5.1,7.6,1069.0,poor,2024-02-06 17:00:00
21.0,4.2,7.6,1168.0,poor,2024-02-06 18:00:00
20.3,4.8,6.6,905.0,poor,2024-02-06 19:00:00
21.3,5.2,7.3,465.0,moderate,2024-02-06 20:00:00
22.1,7.8,8.2,410.0,moderate,2024-02-06 21:00:00
22.33,6.7,8.12,396.0,moderate,2024-02-06 22:00:00
21.5,8.0,8.1,403.0,moderate,2024-02-06 23:00:00
24.0,4.88,7.94,149.0,moderate,2024-02-07 00:00:00
22.0,5.67,7.02,153.0,moderate,2024-02-07 01:00:00
24.0,6.0,6.9,300.0,good,2024-02-07 02:00:00
23.0,6.15,7.45,234.0,good,2024-02-07 03:00:00
24.0,5.48,7.42,180.0,moderate,2024-02-07 04:00:00
23.0,5.13,7.46,162.0,moderate,2024-02-07 05:00:00
25.0,7.85,7.13,254.0,good,2024-02-07 06:00:00
24.0,6.58,6.5,655.0,poor,2024-02-07 07:00:00
24.0,8.23,7.05,137.0,good,2024-02-07 08:00:00
25.0,8.23,7.38,143.0,good,2024-02-07 09:00:00
22.0,6.6,7.3,210.0,good,2024-02-07 10:00:00
22.0,6.8,7.2,220.0,good,2024-02-07 11:00:00
23.0,6.8,7.0,317.0,moderate,2024-02-07 12:00:00
23.0,6.4,6.7,323.0,moderate,2024-02-07 13:00:00
28.0,6.5,7.7,146.0,good,2024-02-07 14:00:00
28.0,6.2,7.7,176.0,good,2024-02-07 15:00:00
29.0,6.3,8.0,198.0,good,2024-02-07 16:00:00
28.0,7.3,7.4,332.0,moderate,2024-02-07 17:00:00
30.0,6.6,7.8,371.0,moderate,2024-02-07 18:00:00
30.0,6.2,7.4,368.0,moderate,2024-02-07 19:00:00
30.0,6.7,7.7,354.0,moderate,2024-02-07 20:00:00
33.0,6.8,8.0,374.0,moderate,2024-02-07 21:00:00
30.0,5.7,8.0,601.0,poor,2024-02-07 22:00:00
30.0,4.7,8.3,753.0,poor,2024-02-07 23:00:00
30.0,4.2,8.2,901.0,poor,2024-02-08 00:00:00
29.0,5.5,7.8,401.0,moderate,2024-02-08 01:00:00
27.0,7.8,6.4,609.0,poor,2024-02-08 02:00:00
27.0,7.8,6.4,90.0,moderate,2024-02-08 03:00:00
26.0,6.5,6.4,505.0,moderate,2024-02-08 04:00:00
27.0,6.6,7.2,692.0,poor,2024-02-08 05:00:00
29.0,5.1,7.5,183.0,moderate,2024-02-08 06:00:00
29.0,6.9,7.6,136.0,good,2024-02-08 07:00:00
29.0,6.9,7.7,120.0,good,2024-02-08 08:00:00
28.0,6.7,8.0,111.0,good,2024-02-08 09:00:00
26.0,6.9,7.3,229.0,good,2024-02-08 10:00:00
29.0,6.8,7.5,171.0,good,2024-02-08 11:00:00
29.0,6.9,7.3,183.0,good,2024-02-08 12:00:00
32.0,5.4,7.2,925.0,poor,2024-02-08 13:00:00
26.0,7.0,7.4,225.0,good,2024-02-08 14:00:00
27.0,6.9,6.8,41.0,good,2024-02-08 15:00:00
27.0,6.9,6.9,78.0,good,2024-02-08 16:00:00
27.0,7.3,7.0,49.0,good,2024-02-08 17:00:00
28.0,6.7,6.7,67.0,good,2024-02-08 18:00:00
29.0,6.5,6.6,109.0,good,2024-02-08 19:00:00
27.0,6.9,6.5,108.0,good,2024-02-08 20:00:00
28.0,6.4,6.6,48.0,good,2024-02-08 21:00:00
26.0,7.2,6.7,109.0,good,2024-02-08 22:00:00
29.0,6.8,7.1,61.0,good,2024-02-08 23:00:00
28.0,6.1,6.7,244.0,good,2024-02-09 00:00:00
27.0,6.8,7.0,62.0,good,2024-02-09 01:00:00
28.0,7.1,7.0,59.0,good,2024-02-09 02:00:00
27.0,7.4,6.6,64.0,good,2024-02-09 03:00:00
26.0,6.4,7.0,79.0,good,2024-02-09 04:00:00
26.0,7.2,6.7,73.0,good,2024-02-09 05:00:00
27.0,6.2,7.0,83.0,good,2024-02-09 06:00:00
29.0,6.1,6.7,55.0,good,2024-02-09 07:00:00
28.0,6.6,6.5,79.0,good,2024-02-09 08:00:00
26.0,6.9,6.7,198.0,good,2024-02-09 09:00:00
27.0,7.3,6.5,44.0,good,2024-02-09 10:00:00
28.0,7.4,7.0,45.0,good,2024-02-09 11:00:00
28.0,7.6,6.7,52.0,good,2024-02-09 12:00:00
26.0,6.6,6.7,72.0,good,2024-02-09 13:00:00
26.0,6.4,6.7,122.0,good,2024-02-09 14:00:00
26.0,5.4,6.6,102.0,moderate,2024-02-09 15:00:00
27.0,6.9,7.1,71.0,good,2024-02-09 16:00:00
28.0,6.7,6.5,55.0,good,2024-02-09 17:00:00
28.0,5.7,6.7,127.0,moderate,2024-02-09 18:00:00
28.0,6.0,6.9,77.0,good,2024-02-09 19:00:00
28.0,7.4,6.4,78.0,moderate,2024-02-09 20:00:00
28.0,6.4,6.1,62.0,moderate,2024-02-09 21:00:00
27.0,6.6,6.3,59.0,moderate,2024-02-09 22:00:00
27.0,7.1,6.4,59.0,moderate,2024-02-09 23:00:00
28.0,7.3,6.2,51.0,moderate,2024-02-10 00:00:00
29.0,6.8,6.5,80.0,good,2024-02-10 01:00:00
27.0,5.8,6.5,59.0,moderate,2024-02-10 02:00:00
27.0,7.7,6.8,67.0,good,2024-02-10 03:00:00
25.0,6.7,6.3,177.0,moderate,2024-02-10 04:00:00
27.0,6.2,7.6,498.0,moderate,2024-02-10 05:00:00
27.0,6.8,7.5,119.0,good,2024-02-10 06:00:00
27.0,7.1,7.6,161.0,good,2024-02-10 07:00:00
28.0,5.9,6.7,70.0,moderate,2024-02-10 08:00:00
28.0,5.8,6.5,864.0,poor,2024-02-10 09:00:00
29.0,4.7,6.6,69.0,moderate,2024-02-10 10:00:00
28.0,6.5,6.6,1204.0,poor,2024-02-10 11:00:00
28.0,7.0,7.5,226.0,good,2024-02-10 12:00:00
30.0,7.7,8.1,330.0,moderate,2024-02-10 13:00:00
28.0,7.2,8.2,315.0,moderate,2024-02-10 14:00:00
28.0,7.6,8.1,301.0,moderate,2024-02-10 15:00:00
28.0,7.3,8.0,225.0,good,2024-02-10 16:00:00
27.0,7.4,8.0,238.0,good,2024-02-10 17:00:00
27.0,7.2,7.7,835.0,poor,2024-02-10 18:00:00
29.0,7.2,7.8,169.0,good,2024-02-10 19:00:00
28.0,7.0,8.1,240.0,good,2024-02-10 20:00:00
29.0,7.4,8.1,153.0,good,2024-02-10 21:00:00
33.0,7.7,7.8,220.0,good,2024-02-10 22:00:00
33.0,7.1,7.6,406.0,moderate,2024-02-10 23:00:00
33.0,6.8,7.4,309.0,moderate,2024-02-11 00:00:00
21.0,7.6,7.9,446.0,moderate,2024-02-11 01:00:00
24.0,7.4,6.8,337.0,moderate,2024-02-11 02:00:00
28.0,7.5,6.7,180.0,good,2024-02-11 03:00:00
28.0,6.9,6.8,127.0,good,2024-02-11 04:00:00
30.0,7.0,7.0,305.0,moderate,2024-02-11 05:00:00
27.0,7.2,6.7,323.0,moderate,2024-02-11 06:00:00
26.0,7.4,6.7,364.0,moderate,2024-02-11 07:00:00
29.0,7.5,7.2,473.0,moderate,2024-02-11 08:00:00
26.0,6.7,7.4,544.0,moderate,2024-02-11 09:00:00
27.0,7.0,7.2,286.0,good,2024-02-11 10:00:00
28.0,6.4,7.0,307.0,moderate,2024-02-11 11:00:00
29.0,6.6,7.1,250.0,good,2024-02-11 12:00:00
28.0,6.5,7.9,566.0,moderate,2024-02-11 13:00:00
22.0,6.0,7.3,755.0,poor,2024-02-11 14:00:00
21.0,4.9,7.4,892.0,poor,2024-02-11 15:00:00
22.0,6.4,7.1,1085.0,poor,2024-02-11 16:00:00
22.0,5.0,6.7,813.0,poor,2024-02-11 17:00:00
21.0,5.6,7.3,964.0,poor,2024-02-11 18:00:00
21.0,5.3,7.4,779.0,poor,2024-02-11 19:00:00
21.0,4.8,7.4,825.0,poor,2024-02-11 20:00:00
21.0,4.5,7.2,885.0,poor,2024-02-11 21:00:00
28.0,7.0,7.8,350.0,moderate,2024-02-11 22:00:00
22.0,5.475,7.82,721.5,poor,2024-02-11 23:00:00
23.0,4.8,7.3,260.0,moderate,2024-02-12 00:00:00
23.0,7.6,7.5,307.0,moderate,2024-02-12 01:00:00
23.0,8.4,7.4,106.0,good,2024-02-12 02:00:00
25.0,8.7,7.4,318.0,moderate,2024-02-12 03:00:00
25.0,7.7,7.3,550.0,moderate,2024-02-12 04:00:00
25.0,7.9,7.6,185.0,good,2024-02-12 05:00:00
26.0,8.0,7.6,202.0,good,2024-02-12 06:00:00
25.0,7.4,7.6,214.0,good,2024-02-12 07:00:00
23.0,8.3,7.7,185.0,good,2024-02-12 08:00:00
24.0,7.4,7.8,272.0,good,2024-02-12 09:00:00
24.0,7.5,7.8,327.0,moderate,2024-02-12 10:00:00
26.0,8.1,7.8,365.0,moderate,2024-02-12 11:00:00
26.0,7.9,7.5,350.0,moderate,2024-02-12 12:00:00
28.0,6.6,7.7,143.0,good,2024-02-12 13:00:00
29.0,6.3,7.6,164.0,good,2024-02-12 14:00:00
28.0,5.7,7.8,170.0,moderate,2024-02-12 15:00:00
21.0,6.4,7.025,187.63,good,2024-02-12 16:00:00
25.0,8.35,7.125,110.75,good,2024-02-12 17:00:00
24.0,8.45,6.95,104.25,good,2024-02-12 18:00:00
27.0,6.7,7.6,281.0,good,2024-02-12 19:00:00
25.0,7.2,7.8,262.0,good,2024-02-12 20:00:00
27.0,5.1,7.8,530.0,moderate,2024-02-12 21:00:00
28.0,6.0,8.2,612.0,poor,2024-02-12 22:00:00
25.0,4.5,7.6,1161.0,poor,2024-02-12 23:00:00
29.0,5.6,8.0,1265.0,poor,2024-02-13 00:00:00
30.0,6.6,7.8,37.0,good,2024-02-13 01:00:00
28.0,6.8,7.1,11.0,good,2024-02-13 02:00:00
27.0,6.5,7.5,28.0,good,2024-02-13 03:00:00
28.0,7.1,8.0,49.0,good,2024-02-13 04:00:00
26.0,7.6,7.3,93.0,good,2024-02-13 05:00:00
26.0,7.4,7.0,67.0,good,2024-02-13 06:00:00
27.0,7.0,7.3,89.0,good,2024-02-13 07:00:00
29.0,5.4,7.3,75.0,moderate,2024-02-13 08:00:00
28.0,6.7,7.2,95.0,good,2024-02-13 09:00:00
28.0,6.8,6.9,58.0,good,2024-02-13 10:00:00
25.0,5.6,6.8,67.0,moderate,2024-02-13 11:00:00
28.0,5.2,7.2,29.0,moderate,2024-02-13 12:00:00
26.0,6.2,7.1,146.0,good,2024-02-13 13:00:00
30.0,6.8,7.2,1370.0,poor,2024-02-13 14:00:00
28.0,8.1,7.1,335.0,moderate,2024-02-13 15:00:00
26.0,6.3,7.6,119.0,good,2024-02-13 16:00:00
27.0,6.4,7.6,109.0,good,2024-02-13 17:00:00
27.0,5.9,7.2,119.0,moderate,2024-02-13 18:00:00
25.0,5.3,7.7,109.0,moderate,2024-02-13 19:00:00
26.0,6.0,7.8,301.0,moderate,2024-02-13 20:00:00
22.0,6.6,7.2,131.0,good,2024-02-13 21:00:00
22.0,6.8,7.2,110.0,good,2024-02-13 22:00:00
27.0,6.7,7.6,109.0,good,2024-02-13 23:00:00
29.0,5.2,7.0,478.0,moderate,2024-02-14 00:00:00
21.0,6.9,6.6,291.0,good,2024-02-14 01:00:00
28.0,7.3,6.6,36.0,good,2024-02-14 02:00:00
28.0,6.4,6.7,41.0,good,2024-02-14 03:00:00
28.0,5.1,6.8,52.0,moderate,2024-02-14 04:00:00
28.0,6.8,6.7,183.0,good,2024-02-14 05:00:00
27.0,6.3,6.3,115.0,moderate,2024-02-14 06:00:00
28.0,7.2,6.7,455.0,moderate,2024-02-14 07:00:00
27.0,6.8,6.9,80.0,good,2024-02-14 08:00:00
29.0,7.7,7.2,47.0,good,2024-02-14 09:00:00
29.0,7.1,6.8,57.0,good,2024-02-14 10:00:00
29.0,6.6,6.3,148.0,moderate,2024-02-14 11:00:00
26.0,6.7,6.2,40.0,moderate,2024-02-14 12:00:00
26.0,5.8,6.3,65.0,moderate,2024-02-14 13:00:00
26.0,5.1,6.3,50.0,moderate,2024-02-14 14:00:00
26.0,6.6,6.2,42.0,moderate,2024-02-14 15:00:00
27.0,6.6,6.4,43.0,moderate,2024-02-14 16:00:00
27.0,6.7,6.4,50.0,moderate,2024-02-14 17:00:00
26.0,6.6,6.3,46.0,moderate,2024-02-14 18:00:00
27.0,5.9,6.4,54.0,moderate,2024-02-14 19:00:00
27.0,7.6,6.7,55.0,good,2024-02-14 20:00:00
27.0,6.5,6.7,72.0,good,2024-02-14 21:00:00
29.0,7.3,7.4,71.0,good,2024-02-14 22:00:00
27.0,6.3,6.7,79.0,good,2024-02-14 23:00:00
26.0,6.9,6.6,33.0,good,2024-02-15 00:00:00
27.0,6.8,6.7,46.0,good,2024-02-15 01:00:00
28.0,7.3,6.7,62.0,good,2024-02-15 02:00:00
28.0,7.6,6.6,61.0,good,2024-02-15 03:00:00
27.0,7.1,6.8,89.0,good,2024-02-15 04:00:00
27.0,6.4,6.7,110.0,good,2024-02-15 05:00:00
28.0,7.4,7.3,155.0,good,2024-02-15 06:00:00
28.0,6.8,6.9,77.0,good,2024-02-15 07:00:00
27.0,5.5,6.5,75.0,moderate,2024-02-15 08:00:00
31.0,5.4,6.5,102.0,moderate,2024-02-15 09:00:00
30.0,4.8,6.8,90.0,moderate,2024-02-15 10:00:00
28.0,5.8,6.3,87.0,moderate,2024-02-15 11:00:00
27.0,7.3,6.6,57.0,good,2024-02-15 12:00:00
27.0,7.3,6.1,45.0,moderate,2024-02-15 13:00:00
27.0,7.6,6.3,39.0,moderate,2024-02-15 14:00:00
25.0,7.7,6.6,31.0,good,2024-02-15 15:00:00
28.0,5.4,5.9,595.0,poor,2024-02-15 16:00:00
28.0,7.4,6.1,30.0,moderate,2024-02-15 17:00:00
28.0,6.6,5.9,37.0,poor,2024-02-15 18:00:00
28.0,6.5,6.5,1135.0,poor,2024-02-15 19:00:00
27.0,7.2,5.9,39.0,poor,2024-02-15 20:00:00
29.0,6.3,6.5,925.0,poor,2024-02-15 21:00:00
27.0,7.6,6.6,50.0,good,2024-02-15 22:00:00
27.0,7.3,6.5,64.0,good,2024-02-15 23:00:00
27.0,7.5,7.0,74.0,good,2024-02-16 00:00:00
26.0,4.4,7.3,428.0,moderate,2024-02-16 01:00:00
27.0,6.8,7.0,169.0,good,2024-02-16 02:00:00
28.0,6.9,7.8,469.0,moderate,2024-02-16 03:00:00
32.0,7.7,8.1,266.0,good,2024-02-16 04:00:00
28.0,7.5,8.2,233.0,good,2024-02-16 05:00:00
26.0,7.6,8.1,233.0,good,2024-02-16 06:00:00
26.0,7.0,7.6,593.0,moderate,2024-02-16 07:00:00
25.0,7.6,6.6,118.0,good,2024-02-16 08:00:00
27.0,6.8,6.6,179.0,good,2024-02-16 09:00:00
28.0,6.8,6.7,172.0,good,2024-02-16 10:00:00
28.0,6.9,7.1,260.0,good,2024-02-16 11:00:00
27.0,7.3,6.6,94.0,good,2024-02-16 12:00:00
26.0,7.4,6.7,88.0,good,2024-02-16 13:00:00
28.0,7.2,7.2,439.0,moderate,2024-02-16 14:00:00
27.0,6.8,7.6,749.0,poor,2024-02-16 15:00:00
26.0,6.9,7.3,252.0,good,2024-02-16 16:00:00
29.0,7.0,7.3,46.0,good,2024-02-16 17:00:00
31.0,7.0,7.3,40.0,good,2024-02-16 18:00:00
30.0,7.7,8.1,195.0,good,2024-02-16 19:00:00
23.0,8.0,8.2,572.0,moderate,2024-02-16 20:00:00
23.0,4.9,7.8,704.0,poor,2024-02-16 21:00:00
21.0,5.3,7.4,1095.0,poor,2024-02-16 22:00:00
30.0,6.7,6.9,1094.0,poor,2024-02-16 23:00:00
30.0,6.2,7.0,1312.0,poor,2024-02-17 00:00:00
21.0,5.7,7.3,732.0,poor,2024-02-17 01:00:00
21.0,5.0,7.2,983.0,poor,2024-02-17 02:00:00
21.0,4.5,7.2,856.0,poor,2024-02-17 03:00:00
21.0,4.4,7.2,1184.0,poor,2024-02-17 04:00:00
21.0,5.2,7.5,1036.0,poor,2024-02-17 05:00:00
21.0,5.5,7.6,973.0,poor,2024-02-17 06:00:00
21.0,5.6,7.6,951.0,poor,2024-02-17 07:00:00
25.0,6.4,7.9,378.0,moderate,2024-02-17 08:00:00
31.0,6.8,7.0,970.0,poor,2024-02-17 09:00:00
21.0,5.4,7.8,438.0,moderate,2024-02-17 10:00:00
27.0,7.9,6.7,120.0,good,2024-02-17 11:00:00
26.0,6.2,7.3,135.0,good,2024-02-17 12:00:00
27.0,8.2,7.6,176.0,good,2024-02-17 13:00:00
28.0,6.6,7.4,112.0,good,2024-02-17 14:00:00
26.0,7.9,7.8,196.0,good,2024-02-17 15:00:00
28.0,6.7,8.0,698.0,poor,2024-02-17 16:00:00
28.0,5.5,7.5,375.0,moderate,2024-02-17 17:00:00
26.0,7.0,7.8,122.0,good,2024-02-17 18:00:00
26.0,7.2,7.8,130.0,good,2024-02-17 19:00:00
25.0,6.6,8.0,151.0,good,2024-02-17 20:00:00
25.0,6.7,7.9,188.0,good,2024-02-17 21:00:00
28.0,6.1,7.7,120.0,good,2024-02-17 22:00:00
29.0,5.4,7.3,141.0,moderate,2024-02-17 23:00:00
28.0,5.8,7.8,161.0,moderate,2024-02-18 00:00:00
27.0,6.7,7.6,253.0,good,2024-02-18 01:00:00
25.0,7.0,7.7,448.0,moderate,2024-02-18 02:00:00
27.0,4.9,7.7,904.0,poor,2024-02-18 03:00:00
28.0,6.4,8.0,477.0,moderate,2024-02-18 04:00:00
28.0,5.7,7.6,868.0,poor,2024-02-18 05:00:00
30.0,6.2,8.0,899.0,poor,2024-02-18 06:00:00
27.0,4.2,7.8,589.0,moderate,2024-02-18 07:00:00
27.0,7.2,7.2,70.0,good,2024-02-18 08:00:00
28.0,7.2,6.8,60.0,good,2024-02-18 09:00:00
28.0,7.4,7.1,80.0,good,2024-02-18 10:00:00
28.0,7.2,6.9,80.0,good,2024-02-18 11:00:00
29.0,7.4,7.0,66.0,good,2024-02-18 12:00:00
28.0,6.3,6.6,66.0,good,2024-02-18 13:00:00
26.0,6.4,7.3,103.0,good,2024-02-18 14:00:00
27.0,6.7,7.4,103.0,good,2024-02-18 15:00:00
28.0,6.6,7.5,97.0,good,2024-02-18 16:00:00
28.0,5.7,7.2,531.0,moderate,2024-02-18 17:00:00
25.0,6.4,7.1,113.0,good,2024-02-18 18:00:00
25.0,6.6,7.2,88.0,good,2024-02-18 19:00:00
22.0,6.2,7.3,117.0,good,2024-02-18 20:00:00
28.0,5.5,6.6,1314.0,poor,2024-02-18 21:00:00
27.0,7.5,6.8,32.0,good,2024-02-18 22:00:00
28.0,6.7,6.8,42.0,good,2024-02-18 23:00:00
28.0,6.9,6.7,73.0,good,2024-02-19 00:00:00
29.0,7.4,7.2,49.0,good,2024-02-19 01:00:00
28.0,7.2,6.8,58.0,good,2024-02-19 02:00:00
29.0,6.8,6.6,115.0,good,2024-02-19 03:00:00
26.0,7.1,6.1,34.0,moderate,2024-02-19 04:00:00
26.0,5.9,6.2,52.0,moderate,2024-02-19 05:00:00
26.0,5.1,6.2,55.0,moderate,2024-02-19 06:00:00
26.0,6.7,6.2,43.0,moderate,2024-02-19 07:00:00
26.0,5.8,6.2,34.0,moderate,2024-02-19 08:00:00
26.0,6.4,6.2,39.0,moderate,2024-02-19 09:00:00
26.0,6.6,6.3,41.0,moderate,2024-02-19 10:00:00
26.0,5.4,6.2,47.0,moderate,2024-02-19 11:00:00
28.0,6.7,6.7,80.0,good,2024-02-19 12:00:00
27.0,6.4,7.0,112.0,good,2024-02-19 13:00:00
29.0,6.3,7.1,83.0,good,2024-02-19 14:00:00
28.0,6.2,6.5,95.0,good,2024-02-19 15:00:00
28.0,6.9,6.4,41.0,moderate,2024-02-19 16:00:00
27.0,6.8,6.5,51.0,good,2024-02-19 17:00:00
28.0,7.5,6.9,52.0,good,2024-02-19 18:00:00
28.0,7.4,6.8,68.0,good,2024-02-19 19:00:00
28.0,6.2,7.6,380.0,moderate,2024-02-19 20:00:00
30.0,7.9,7.9,382.0,moderate,2024-02-19 21:00:00
30.0,7.2,7.7,244.0,good,2024-02-19 22:00:00
32.0,6.7,7.6,231.0,good,2024-02-19 23:00:00
29.0,7.0,8.1,637.0,poor,2024-02-20 00:00:00
26.0,7.5,6.5,65.0,good,2024-02-20 01:00:00
28.0,6.8,6.5,88.0,good,2024-02-20 02:00:00
29.0,6.8,6.5,128.0,good,2024-02-20 03:00:00
32.0,7.8,7.2,250.0,good,2024-02-20 04:00:00
28.0,7.2,6.4,71.0,moderate,2024-02-20 05:00:00
27.0,7.4,6.5,71.0,good,2024-02-20 06:00:00
31.0,7.6,7.1,428.0,moderate,2024-02-20 07:00:00
28.0,6.8,7.2,856.0,poor,2024-02-20 08:00:00
27.0,7.3,7.3,152.0,good,2024-02-20 09:00:00
28.0,6.9,7.2,58.0,good,2024-02-20 10:00:00
29.0,7.0,7.2,56.0,good,2024-02-20 11:00:00
22.0,7.9,7.9,385.0,moderate,2024-02-20 12:00:00
24.0,4.9,7.6,972.0,poor,2024-02-20 13:00:00
21.0,6.1,7.8,632.0,poor,2024-02-20 14:00:00
24.0,4.9,8.1,852.0,poor,2024-02-20 15:00:00
26.0,4.5,8.3,996.0,poor,2024-02-20 16:00:00
21.0,6.7,7.6,425.0,moderate,2024-02-20 17:00:00
21.0,6.3,7.7,619.0,poor,2024-02-20 18:00:00
22.0,6.4,7.7,439.0,moderate,2024-02-20 19:00:00
22.0,6.5,7.7,686.0,poor,2024-02-20 20:00:00
21.0,6.4,7.8,754.0,poor,2024-02-20 21:00:00
22.0,6.3,7.7,615.0,poor,2024-02-20 22:00:00
21.0,6.2,7.6,457.0,moderate,2024-02-20 23:00:00
21.0,6.0,7.8,690.0,poor,2024-02-21 00:00:00
21.0,5.9,7.8,692.0,poor,2024-02-21 01:00:00
21.0,5.9,7.7,699.0,poor,2024-02-21 02:00:00
22.0,6.5,8.2,1315.0,poor,2024-02-21 03:00:00
25.0,6.6,8.2,895.0,poor,2024-02-21 04:00:00
29.0,6.7,7.2,183.0,good,2024-02-21 05:00:00
30.0,6.7,7.4,183.0,good,2024-02-21 06:00:00
25.0,6.7,7.9,135.0,good,2024-02-21 07:00:00
25.0,6.5,7.9,195.0,good,2024-02-21 08:00:00
24.0,7.3,7.8,219.0,good,2024-02-21 09:00:00
24.0,7.7,7.9,227.0,good,2024-02-21 10:00:00
23.0,6.2,7.0,132.0,good,2024-02-21 11:00:00
23.0,6.4,7.4,137.0,good,2024-02-21 12:00:00
23.0,6.4,7.6,200.0,good,2024-02-21 13:00:00
23.0,7.0,7.6,210.0,good,2024-02-21 14:00:00
24.0,7.1,7.3,156.0,good,2024-02-21 15:00:00
23.0,7.1,7.2,127.0,good,2024-02-21 16:00:00
22.0,5.8,7.6,258.0,moderate,2024-02-21 17:00:00
24.0,8.4,7.9,383.0,moderate,2024-02-21 18:00:00
27.0,5.2,7.4,120.0,moderate,2024-02-21 19:00:00
27.0,4.7,7.4,139.0,moderate,2024-02-21 20:00:00
27.0,5.4,7.4,128.0,moderate,2024-02-21 21:00:00
23.0,6.9,7.2,233.0,good,2024-02-21 22:00:00
27.0,6.7,7.61,168.2,good,2024-02-21 23:00:00
25.0,7.102,7.945,307.5,moderate,2024-02-22 00:00:00
22.0,5.35,7.935,735.0,poor,2024-02-22 01:00:00
25.5,7.05,7.995,535.0,moderate,2024-02-22 02:00:00
25.5,6.7,7.885,896.5,poor,2024-02-22 03:00:00
26.5,6.085,7.695,933.0,poor,2024-02-22 04:00:00
25.667,4.9,7.943,504.7,moderate,2024-02-22 05:00:00
27.75,6.625,7.725,149.3,good,2024-02-22 06:00:00
27.75,5.175,6.95,464.0,moderate,2024-02-22 07:00:00
30.0,6.4,7.45,142.8,good,2024-02-22 08:00:00
28.25,6.2,7.9,218.0,good,2024-02-22 09:00:00
26.667,7.4,6.733,344.3,moderate,2024-02-22 10:00:00
28.75,7.6,6.775,213.3,good,2024-02-22 11:00:00
28.0,7.35,7.1,214.8,good,2024-02-22 12:00:00
28.25,7.675,6.875,103.3,good,2024-02-22 13:00:00
27.25,7.125,7.55,418.3,moderate,2024-02-22 14:00:00
28.5,7.0,6.725,497.3,moderate,2024-02-22 15:00:00
27.714,6.543,7.229,130.4,good,2024-02-22 16:00:00
28.714,6.7,7.307,121.5,good,2024-02-22 17:00:00
28.667,7.1,7.507,102.5,good,2024-02-22 18:00:00
26.667,6.333,7.277,542.0,moderate,2024-02-22 19:00:00
26.714,6.471,7.379,204.3,good,2024-02-22 20:00:00
28.286,6.371,7.061,214.0,good,2024-02-22 21:00:00
29.083,6.2,6.457,881.1,poor,2024-02-22 22:00:00
27.417,7.286,6.586,82.9,good,2024-02-22 23:00:00
27.286,6.525,6.5,124.1,good,2024-02-23 00:00:00
28.6,6.917,6.95,185.4,good,2024-02-23 01:00:00
27.786,7.075,7.25,107.3,good,2024-02-23 02:00:00
28.143,7.013,6.712,151.4,good,2024-02-23 03:00:00
27.5,6.787,6.65,119.3,good,2024-02-23 04:00:00
27.0,6.9,6.8,224.0,good,2024-02-23 05:00:00
26.5,6.867,6.833,292.7,good,2024-02-23 06:00:00
26.25,6.467,6.6,240.0,good,2024-02-23 07:00:00
26.75,6.667,6.933,268.0,good,2024-02-23 08:00:00
26.75,6.967,6.933,268.0,good,2024-02-23 09:00:00
26.5,6.733,6.867,324.0,moderate,2024-02-23 10:00:00
27.0,6.714,6.957,143.4,good,2024-02-23 11:00:00
26.75,6.733,6.733,242.7,good,2024-02-23 12:00:00
28.0,7.233,6.867,75.7,good,2024-02-23 13:00:00
27.0,6.233,6.9,104.7,good,2024-02-23 14:00:00
28.5,6.867,7.067,336.7,moderate,2024-02-23 15:00:00
28.5,6.433,6.667,339.3,moderate,2024-02-23 16:00:00
29.0,7.033,6.533,141.3,good,2024-02-23 17:00:00
28.75,6.633,7.067,237.0,good,2024-02-23 18:00:00
28.0,7.033,7.033,241.0,good,2024-02-23 19:00:00
28.5,7.0,7.133,302.0,moderate,2024-02-23 20:00:00
28.857,6.243,7.253,405.6,moderate,2024-02-23 21:00:00
21.0,6.9,8.2,211.0,good,2024-02-23 22:00:00
24.0,7.8,8.5,197.0,good,2024-02-23 23:00:00
33.0,7.3,8.6,528.0,moderate,2024-02-24 00:00:00
27.5,7.95,6.565,188.5,good,2024-02-24 01:00:00
29.0,5.8,6.6,107.0,moderate,2024-02-24 02:00:00
31.25,6.975,6.725,144.3,good,2024-02-24 03:00:00
27.0,5.35,7.19,216.3,moderate,2024-02-24 04:00:00
30.0,7.525,6.61,93.3,good,2024-02-24 05:00:00
29.0,7.15,6.56,141.0,good,2024-02-24 06:00:00
27.0,4.325,7.045,547.0,moderate,2024-02-24 07:00:00
27.5,6.925,7.633,552.0,moderate,2024-02-24 08:00:00
27.25,6.825,7.125,299.3,good,2024-02-24 09:00:00
26.667,6.7,7.267,92.7,good,2024-02-24 10:00:00
26.333,6.75,7.3,169.3,good,2024-02-24 11:00:00
21.25,5.87,7.84,895.5,poor,2024-02-24 12:00:00
27.0,6.7,7.9,1151.0,poor,2024-02-24 13:00:00
27.0,6.7,7.1,912.0,poor,2024-02-24 14:00:00
23.667,7.767,7.543,183.0,good,2024-02-24 15:00:00
23.7,7.167,8.143,183.0,good,2024-02-24 16:00:00
23.767,8.533,7.857,170.0,good,2024-02-24 17:00:00
23.667,8.867,7.793,216.0,good,2024-02-24 18:00:00
28.0,5.6,7.65,375.2,moderate,2024-02-24 19:00:00
27.0,6.7,7.76,233.3,good,2024-02-24 20:00:00
26.0,7.2,7.84,342.8,moderate,2024-02-24 21:00:00
29.0,6.2,8.11,480.0,moderate,2024-02-24 22:00:00
27.0,7.2,8.07,580.0,moderate,2024-02-24 23:00:00
29.0,7.2,7.42,246.9,good,2024-02-25 00:00:00
28.0,6.9,6.44,302.9,moderate,2024-02-25 01:00:00
29.0,7.8,6.69,255.9,good,2024-02-25 02:00:00
29.0,6.7,7.35,346.1,moderate,2024-02-25 03:00:00
28.0,8.3,6.68,348.9,moderate,2024-02-25 04:00:00
28.0,8.1,6.18,187.4,moderate,2024-02-25 05:00:00
29.0,7.7,6.55,121.8,good,2024-02-25 06:00:00
29.0,8.6,6.56,181.4,good,2024-02-25 07:00:00
28.0,7.7,6.45,302.5,moderate,2024-02-25 08:00:00
28.0,7.4,6.07,142.8,moderate,2024-02-25 09:00:00
27.0,5.9,7.36,761.0,poor,2024-02-25 10:00:00
27.0,5.7,7.62,665.0,poor,2024-02-25 11:00:00
27.0,6.1,8.0,602.5,poor,2024-02-25 12:00:00
27.0,7.1,7.2,280.5,good,2024-02-25 13:00:00
28.0,7.4,7.27,253.3,good,2024-02-25 14:00:00
28.0,7.3,7.3,236.7,good,2024-02-25 15:00:00
27.0,5.9,6.6,1359.5,poor,2024-02-25 16:00:00
27.0,7.4,6.68,39.3,good,2024-02-25 17:00:00
27.0,7.1,6.75,41.9,good,2024-02-25 18:00:00
27.0,6.8,6.92,70.8,good,2024-02-25 19:00:00
27.0,6.8,7.03,36.8,good,2024-02-25 20:00:00
27.0,7.2,6.76,59.8,good,2024-02-25 21:00:00
27.0,6.2,6.63,106.8,good,2024-02-25 22:00:00
27.0,6.6,6.77,250.7,good,2024-02-25 23:00:00
27.0,6.9,6.95,51.3,good,2024-02-26 00:00:00
27.0,6.0,6.75,641.0,poor,2024-02-26 01:00:00
27.0,5.4,6.85,73.3,moderate,2024-02-26 02:00:00
27.0,6.7,6.93,65.0,good,2024-02-26 03:00:00
27.0,6.9,6.85,56.3,good,2024-02-26 04:00:00
27.0,6.5,6.98,59.3,good,2024-02-26 05:00:00
27.0,6.8,7.06,63.3,good,2024-02-26 06:00:00
27.0,5.8,6.73,73.0,moderate,2024-02-26 07:00:00
27.0,6.8,6.8,69.8,good,2024-02-26 08:00:00
27.0,7.1,6.83,80.0,good,2024-02-26 09:00:00
27.0,6.3,7.15,65.5,good,2024-02-26 10:00:00
27.0,6.3,6.95,77.5,good,2024-02-26 11:00:00
27.0,6.9,6.65,34.0,good,2024-02-26 12:00:00
27.0,6.4,6.75,49.3,good,2024-02-26 13:00:00
27.0,7.1,6.98,58.3,good,2024-02-26 14:00:00
27.0,7.0,7.23,67.5,good,2024-02-26 15:00:00
27.0,6.7,7.56,128.4,good,2024-02-26 16:00:00
27.0,6.8,7.68,123.2,good,2024-02-26 17:00:00
27.0,6.5,7.33,135.8,good,2024-02-26 18:00:00
27.0,6.5,7.34,128.5,good,2024-02-26 19:00:00
27.0,6.6,7.47,143.8,good,2024-02-26 20:00:00
27.0,6.6,7.75,136.8,good,2024-02-26 21:00:00
27.0,7.9,7.85,76.5,good,2024-02-26 22:00:00
27.0,7.4,7.0,82.3,good,2024-02-26 23:00:00
27.0,7.0,7.9,77.5,good,2024-02-27 00:00:00
27.0,6.9,7.73,85.3,good,2024-02-27 01:00:00
27.0,7.3,7.77,128.3,good,2024-02-27 02:00:00
27.0,8.0,7.8,132.0,good,2024-02-27 03:00:00
27.0,5.5,6.58,121.3,moderate,2024-02-27 04:00:00
27.0,7.0,7.43,136.7,good,2024-02-27 05:00:00
21.0,8.3,7.1,152.0,good,2024-02-27 06:00:00
25.0,7.4,6.6,183.0,good,2024-02-27 07:00:00
25.0,6.8,6.3,183.0,moderate,2024-02-27 08:00:00
25.0,6.1,7.15,183.0,good,2024-02-27 09:00:00
26.0,7.5,7.2,183.0,good,2024-02-27 10:00:00
28.0,7.5,7.8,286.5,good,2024-02-27 11:00:00
27.0,6.0,7.55,214.5,good,2024-02-27 12:00:00
32.0,6.3,7.43,201.3,good,2024-02-27 13:00:00
29.0,6.1,8.33,868.5,poor,2024-02-27 14:00:00
27.0,8.1,7.86,342.3,moderate,2024-02-27 15:00:00
25.0,7.3,7.3,157.0,good,2024-02-27 16:00:00
27.0,4.9,7.33,494.7,moderate,2024-02-27 17:00:00
28.0,6.3,7.58,379.8,moderate,2024-02-27 18:00:00
28.0,6.1,7.58,490.0,moderate,2024-02-27 19:00:00
25.0,6.8,7.43,337.5,moderate,2024-02-27 20:00:00
26.0,6.7,7.38,333.5,moderate,2024-02-27 21:00:00
27.0,5.9,7.48,428.0,moderate,2024-02-27 22:00:00
25.0,6.5,7.4,361.8,moderate,2024-02-27 23:00:00
25.0,6.9,7.4,322.0,moderate,2024-02-28 00:00:00
26.0,5.1,7.48,496.5,moderate,2024-02-28 01:00:00
28.0,5.0,7.4,515.3,moderate,2024-02-28 02:00:00
28.0,5.1,7.43,503.3,moderate,2024-02-28 03:00:00
27.0,4.4,8.23,390.0,moderate,2024-02-28 04:00:00
27.0,4.2,8.52,380.0,moderate,2024-02-28 05:00:00
22.0,8.0,8.31,617.0,poor,2024-02-28 06:00:00
27.0,4.2,8.55,1184.7,poor,2024-02-28 07:00:00
27.0,5.0,7.92,160.0,moderate,2024-02-28 08:00:00
25.0,7.5,7.53,87.3,good,2024-02-28 09:00:00
27.0,6.6,7.27,162.3,good,2024-02-28 10:00:00
28.0,6.8,7.12,172.3,good,2024-02-28 11:00:00
27.0,6.7,7.6,277.8,good,2024-02-28 12:00:00
28.0,7.1,6.94,95.8,good,2024-02-28 13:00:00
27.0,7.4,7.0,88.5,good,2024-02-28 14:00:00
27.0,6.6,7.81,603.2,poor,2024-02-28 15:00:00
28.0,6.6,7.49,571.5,moderate,2024-02-28 16:00:00
28.0,5.4,7.16,75.8,moderate,2024-02-28 17:00:00
30.0,5.4,7.37,104.8,moderate,2024-02-28 18:00:00
29.0,5.3,7.37,102.2,moderate,2024-02-28 19:00:00
